-- phpMyAdmin SQL Dump
-- version 4.8.4
-- https://www.phpmyadmin.net/
--
-- Host: 127.0.0.1
-- Generation Time: Mar 24, 2019 at 12:17 PM
-- Server version: 10.1.37-MariaDB
-- PHP Version: 7.2.14

SET SQL_MODE = "NO_AUTO_VALUE_ON_ZERO";
SET AUTOCOMMIT = 0;
START TRANSACTION;
SET time_zone = "+00:00";


/*!40101 SET @OLD_CHARACTER_SET_CLIENT=@@CHARACTER_SET_CLIENT */;
/*!40101 SET @OLD_CHARACTER_SET_RESULTS=@@CHARACTER_SET_RESULTS */;
/*!40101 SET @OLD_COLLATION_CONNECTION=@@COLLATION_CONNECTION */;
/*!40101 SET NAMES utf8mb4 */;

--
-- Database: `plant`
--

-- --------------------------------------------------------

--
-- Table structure for table `assignfarms`
--

CREATE TABLE `assignfarms` (
  `id` int(10) UNSIGNED NOT NULL,
  `id_farm_manager` int(11) NOT NULL,
  `id_group_farm` int(11) NOT NULL,
  `created_at` timestamp NULL DEFAULT NULL,
  `updated_at` timestamp NULL DEFAULT NULL
) ENGINE=InnoDB DEFAULT CHARSET=utf8mb4 COLLATE=utf8mb4_unicode_ci;

--
-- Dumping data for table `assignfarms`
--

INSERT INTO `assignfarms` (`id`, `id_farm_manager`, `id_group_farm`, `created_at`, `updated_at`) VALUES
(1, 2, 1, '2019-02-26 16:52:57', '2019-02-26 16:52:57'),
(2, 15, 1, '2019-03-15 04:18:06', '2019-03-15 04:18:06'),
(3, 12, 1, '2019-03-15 04:18:21', '2019-03-15 04:18:21'),
(4, 17, 4, '2019-03-18 05:29:39', '2019-03-18 05:29:39'),
(5, 18, 4, '2019-03-18 05:31:03', '2019-03-18 05:31:03'),
(6, 17, 1, '2019-03-18 21:39:13', '2019-03-18 21:39:13'),
(8, 2, 1, '2019-03-18 21:39:31', '2019-03-18 21:39:31'),
(9, 2, 1, '2019-03-23 03:59:11', '2019-03-23 03:59:11'),
(10, 16, 1, '2019-03-23 03:59:40', '2019-03-23 03:59:40'),
(11, 17, 1, '2019-03-23 04:02:57', '2019-03-23 04:02:57'),
(12, 12, 1, '2019-03-23 06:55:10', '2019-03-23 06:55:10'),
(13, 18, 1, '2019-03-23 06:55:49', '2019-03-23 06:55:49'),
(14, 2, 22, '2019-03-23 09:14:58', '2019-03-23 09:14:58'),
(15, 26, 22, '2019-03-23 09:17:12', '2019-03-23 09:17:12'),
(16, 13, 22, '2019-03-23 09:17:19', '2019-03-23 09:17:19'),
(17, 17, 22, '2019-03-23 09:17:33', '2019-03-23 09:17:33'),
(18, 2, 29, '2019-03-23 18:18:18', '2019-03-23 18:18:18');

-- --------------------------------------------------------

--
-- Table structure for table `farms`
--

CREATE TABLE `farms` (
  `id` int(10) UNSIGNED NOT NULL,
  `jumlah_pohon` int(11) DEFAULT '0',
  `varietas` varchar(191) COLLATE utf8mb4_unicode_ci DEFAULT '1',
  `siklus_pertumbuhan` varchar(191) COLLATE utf8mb4_unicode_ci DEFAULT NULL,
  `panen_pertama` datetime DEFAULT NULL,
  `panen_terakhir` datetime DEFAULT NULL,
  `jumlah_produksi_pertahun` int(11) DEFAULT NULL,
  `latitude_longtitude_1` varchar(191) COLLATE utf8mb4_unicode_ci DEFAULT NULL,
  `latitude_longtitude_2` varchar(191) COLLATE utf8mb4_unicode_ci DEFAULT NULL,
  `latitude_longtitude_3` varchar(191) COLLATE utf8mb4_unicode_ci DEFAULT NULL,
  `latitude_longtitude_4` varchar(191) COLLATE utf8mb4_unicode_ci DEFAULT NULL,
  `id_farm_manager` int(11) DEFAULT NULL,
  `created_at` timestamp NULL DEFAULT NULL,
  `updated_at` timestamp NULL DEFAULT NULL
) ENGINE=InnoDB DEFAULT CHARSET=utf8mb4 COLLATE=utf8mb4_unicode_ci;

--
-- Dumping data for table `farms`
--

INSERT INTO `farms` (`id`, `jumlah_pohon`, `varietas`, `siklus_pertumbuhan`, `panen_pertama`, `panen_terakhir`, `jumlah_produksi_pertahun`, `latitude_longtitude_1`, `latitude_longtitude_2`, `latitude_longtitude_3`, `latitude_longtitude_4`, `id_farm_manager`, `created_at`, `updated_at`) VALUES
(1, 46, '1', 'string', '2019-03-03 23:30:48', '2019-03-03 23:30:48', 12, 'string', 'string', 'string', 'string', 12, '2019-02-28 20:46:30', '2019-03-12 04:02:02'),
(2, 13, '1', 'string', '2019-03-03 23:30:48', '2019-03-03 23:30:48', 12, 'string', 'string', 'string', 'string', 13, '2019-02-28 20:49:25', '2019-03-03 16:37:39'),
(3, 0, '1', NULL, NULL, NULL, NULL, NULL, NULL, NULL, NULL, 15, '2019-03-05 15:52:37', '2019-03-05 15:52:37'),
(4, 0, '1', NULL, NULL, NULL, NULL, NULL, NULL, NULL, NULL, 16, '2019-03-18 04:51:55', '2019-03-18 04:51:55'),
(5, 0, '1', NULL, NULL, NULL, NULL, NULL, NULL, NULL, NULL, 17, '2019-03-18 05:25:41', '2019-03-18 05:25:41'),
(7, 0, '1', NULL, NULL, NULL, NULL, NULL, NULL, NULL, NULL, 2, NULL, NULL),
(8, 0, '1', NULL, NULL, NULL, NULL, NULL, NULL, NULL, NULL, 18, NULL, NULL),
(9, 0, '1', NULL, NULL, NULL, NULL, NULL, NULL, NULL, NULL, 23, '2019-03-21 00:22:10', '2019-03-21 00:22:10'),
(10, 0, '1', NULL, NULL, NULL, NULL, NULL, NULL, NULL, NULL, 26, '2019-03-23 04:15:41', '2019-03-23 04:15:41');

-- --------------------------------------------------------

--
-- Table structure for table `groupfarms`
--

CREATE TABLE `groupfarms` (
  `id` int(10) UNSIGNED NOT NULL,
  `name` varchar(191) COLLATE utf8mb4_unicode_ci NOT NULL,
  `id_pemilik_lahan` int(11) NOT NULL,
  `komoditas` varchar(191) COLLATE utf8mb4_unicode_ci NOT NULL,
  `created_at` timestamp NULL DEFAULT NULL,
  `updated_at` timestamp NULL DEFAULT NULL
) ENGINE=InnoDB DEFAULT CHARSET=utf8mb4 COLLATE=utf8mb4_unicode_ci;

--
-- Dumping data for table `groupfarms`
--

INSERT INTO `groupfarms` (`id`, `name`, `id_pemilik_lahan`, `komoditas`, `created_at`, `updated_at`) VALUES
(1, 'Ranch', 1, 'Kopi', '2019-02-25 16:06:18', '2019-02-25 16:06:18'),
(3, 'Gardenia', 14, 'strawberry', '2019-02-28 23:00:18', '2019-02-28 23:00:18'),
(4, 'keyakizaka46', 19, 'kopi', '2019-03-18 05:27:05', '2019-03-18 05:27:05'),
(5, 'adi', 22, 'adi', '2019-03-19 22:51:31', '2019-03-19 22:51:31'),
(6, 'inagrow', 25, 'kopi', '2019-03-23 03:55:51', '2019-03-23 03:55:51'),
(7, 'grup', 27, 'grup', '2019-03-23 06:54:32', '2019-03-23 06:54:32'),
(8, 'ahli', 28, 'teh', '2019-03-23 09:04:38', '2019-03-23 09:04:38'),
(9, 'oyon', 29, 'cabai', '2019-03-23 18:17:31', '2019-03-23 18:17:31');

-- --------------------------------------------------------

--
-- Table structure for table `komoditas`
--

CREATE TABLE `komoditas` (
  `id` int(10) UNSIGNED NOT NULL,
  `id_ahlipraktisi` int(11) NOT NULL,
  `komoditas` varchar(191) COLLATE utf8mb4_unicode_ci NOT NULL,
  `created_at` timestamp NULL DEFAULT NULL,
  `updated_at` timestamp NULL DEFAULT NULL
) ENGINE=InnoDB DEFAULT CHARSET=utf8mb4 COLLATE=utf8mb4_unicode_ci;

--
-- Dumping data for table `komoditas`
--

INSERT INTO `komoditas` (`id`, `id_ahlipraktisi`, `komoditas`, `created_at`, `updated_at`) VALUES
(1, 3, 'kopi', NULL, NULL),
(2, 3, 'jagung', NULL, NULL),
(3, 3, 'cabai', NULL, NULL),
(4, 4, 'kopi\r\n', NULL, NULL),
(6, 8, 'kopi', '2019-02-22 16:27:11', '2019-02-22 16:27:11'),
(7, 9, 'jagung', '2019-02-22 16:35:57', '2019-02-22 16:35:57'),
(8, 10, 'kopi', '2019-02-28 18:19:24', '2019-02-28 18:19:24'),
(9, 11, 'kopi', '2019-02-28 18:23:53', '2019-02-28 18:23:53'),
(10, 24, 'kopi', '2019-03-23 03:50:31', '2019-03-23 03:50:31');

-- --------------------------------------------------------

--
-- Table structure for table `laporans`
--

CREATE TABLE `laporans` (
  `id` int(10) UNSIGNED NOT NULL,
  `id_group_farm` int(11) NOT NULL,
  `name` varchar(191) COLLATE utf8mb4_unicode_ci NOT NULL,
  `note` varchar(191) COLLATE utf8mb4_unicode_ci NOT NULL,
  `varietas` varchar(191) COLLATE utf8mb4_unicode_ci NOT NULL,
  `location` varchar(255) COLLATE utf8mb4_unicode_ci NOT NULL,
  `foto1` varchar(191) COLLATE utf8mb4_unicode_ci DEFAULT NULL,
  `foto2` varchar(191) COLLATE utf8mb4_unicode_ci DEFAULT NULL,
  `foto3` varchar(191) COLLATE utf8mb4_unicode_ci DEFAULT NULL,
  `id_farm_manager` int(11) NOT NULL,
  `is_overdue` int(11) NOT NULL,
  `created_at` timestamp NULL DEFAULT NULL,
  `updated_at` timestamp NULL DEFAULT NULL
) ENGINE=InnoDB DEFAULT CHARSET=utf8mb4 COLLATE=utf8mb4_unicode_ci;

--
-- Dumping data for table `laporans`
--

INSERT INTO `laporans` (`id`, `id_group_farm`, `name`, `note`, `varietas`, `location`, `foto1`, `foto2`, `foto3`, `id_farm_manager`, `is_overdue`, `created_at`, `updated_at`) VALUES
(1, 1, 'Laporan Perkebunan', 'contoh note', '1', '', 'http://api.inacrop.com/laravel/public/images/1551922059.jpg', NULL, NULL, 2, 1, '2019-03-06 18:13:08', '2019-03-06 18:13:08'),
(2, 1, 'laporan 2', 'ga ada', '2', '', NULL, NULL, NULL, 2, 0, '2019-03-06 18:18:04', '2019-03-06 18:18:04'),
(3, 1, 'laporan 3', 'hmmmm', '1', '', NULL, NULL, NULL, 2, 1, '2019-03-06 18:20:02', '2019-03-06 18:20:02'),
(4, 1, 'LAPORANNN', 'hmmmmmmmm', '2', '', 'C:\\xampp\\tmp\\php31E5.tmp', NULL, 'C:\\xampp\\tmp\\php31E6.tmp', 2, 1, '2019-03-06 18:22:32', '2019-03-06 18:22:32'),
(5, 1, 'Nyiram kebooon', 'sayayaaaa', '1', '', 'api.inacrop.com/images/1551921834.jpg', NULL, 'api.inacrop.com/images/1551921834.jpg', 2, 1, '2019-03-06 18:23:54', '2019-03-06 18:23:54'),
(6, 1, 'Nyiram kebooon 2', 'sayayaaaa', '1', '', 'http://api.inacrop.com/laravel/public/images/1551922059.jpg', NULL, 'http://api.inacrop.com/laravel/public/images/1551922059.jpg', 2, 1, '2019-03-06 18:27:39', '2019-03-06 18:27:39'),
(7, 1, 'nyangkul', 'tess', '1', '', NULL, NULL, NULL, 2, 0, '2019-03-19 18:52:23', '2019-03-19 18:52:23'),
(10, 1, 'nyiram', 'kelaar', '1', '', NULL, NULL, NULL, 2, 0, '2019-03-19 18:56:15', '2019-03-19 18:56:15'),
(11, 1, 'test', 'ntap', '1', '', NULL, NULL, NULL, 2, 0, '2019-03-19 18:56:15', '2019-03-19 18:56:15'),
(12, 1, 'test', 'ntap', '1', '', NULL, NULL, NULL, 2, 0, '2019-03-19 18:56:15', '2019-03-19 18:56:15'),
(13, 1, 'tueest', 'hello there', '1', '', NULL, NULL, NULL, 2, 0, '2019-03-19 19:03:42', '2019-03-19 19:03:42'),
(14, 1, 'panen', 'hmmmm tes', '1', '', 'testses.jpg', NULL, NULL, 2, 0, '2019-03-19 20:17:16', '2019-03-19 20:17:16'),
(16, 1, 'nyiram', 'faaaak', '1', '', NULL, NULL, NULL, 2, 0, '2019-03-20 04:57:32', '2019-03-20 04:57:32'),
(17, 1, 'eetete', 'coba kirim', '1', '', NULL, NULL, NULL, 2, 0, '2019-03-20 20:33:41', '2019-03-20 20:33:41'),
(18, 1, 'eetete', 'coba kirim', '1', '', NULL, NULL, NULL, 2, 0, '2019-03-20 20:36:15', '2019-03-20 20:36:15'),
(19, 1, 'eetete', 'coba kirim', '1', '', NULL, NULL, NULL, 2, 0, '2019-03-20 20:36:27', '2019-03-20 20:36:27'),
(20, 1, 'eetete', 'coba kirim', '1', '', NULL, NULL, NULL, 2, 0, '2019-03-20 20:37:41', '2019-03-20 20:37:41'),
(21, 1, 'nyangkul', 'tes', '1', '', NULL, NULL, NULL, 2, 0, '2019-03-20 20:44:39', '2019-03-20 20:44:39'),
(22, 1, 'tutrrt', 'hello', '1', '', 'null', NULL, NULL, 2, 0, '2019-03-22 21:24:12', '2019-03-22 21:24:12'),
(23, 1, 'he', 'tess', '1', '', 'null', NULL, NULL, 2, 0, '2019-03-22 21:29:42', '2019-03-22 21:29:42'),
(31, 1, 'pemijahan', 'hellow', '1', '', 'http://api.inacrop.com/laravel/public/images/1553318415.png', NULL, NULL, 2, 0, '2019-03-22 22:20:19', '2019-03-22 22:20:19'),
(32, 1, 'tueest', 'err', '1', '', 'http://api.inacrop.com/laravel/public/images/1553319109.jpg', NULL, NULL, 2, 0, '2019-03-22 22:31:53', '2019-03-22 22:31:53'),
(33, 1, 'cabut akar', 'cabut akar', '1', '', 'http://api.inacrop.com/laravel/public/images/1553333355.jpg', NULL, NULL, 2, 0, '2019-03-23 02:29:31', '2019-03-23 02:29:31'),
(34, 1, 'nyangkul', 'tess', '1', '', 'http://api.inacrop.com/laravel/public/images/1553336373.jpg', NULL, NULL, 2, 0, '2019-03-23 03:19:58', '2019-03-23 03:19:58'),
(35, 1, 'pemijahan', 'tes', '1', '', 'http://api.inacrop.com/laravel/public/images/1553336414.jpg', NULL, NULL, 2, 0, '2019-03-23 03:20:25', '2019-03-23 03:20:25'),
(36, 1, 'nyangkul', 'susah air', '1', '', 'http://api.inacrop.com/laravel/public/images/1553339972.jpg', NULL, NULL, 2, 0, '2019-03-23 04:19:38', '2019-03-23 04:19:38');

-- --------------------------------------------------------

--
-- Table structure for table `messages`
--

CREATE TABLE `messages` (
  `id` int(10) UNSIGNED NOT NULL,
  `message` text COLLATE utf8mb4_unicode_ci NOT NULL,
  `sender_id` int(11) NOT NULL,
  `message_id` int(11) NOT NULL,
  `created_at` timestamp NULL DEFAULT NULL,
  `updated_at` timestamp NULL DEFAULT NULL
) ENGINE=InnoDB DEFAULT CHARSET=utf8mb4 COLLATE=utf8mb4_unicode_ci;

--
-- Dumping data for table `messages`
--

INSERT INTO `messages` (`id`, `message`, `sender_id`, `message_id`, `created_at`, `updated_at`) VALUES
(1, 'tes', 3, 23, '2019-02-11 07:18:52', '2019-02-11 07:18:52'),
(2, 'tes2222', 3, 23, '2019-02-11 07:19:02', '2019-02-11 07:19:02'),
(3, 'tes3333', 3, 23, '2019-02-11 07:19:11', '2019-02-11 07:19:11'),
(4, 'tes4444', 4, 23, '2019-02-11 07:20:29', '2019-02-11 07:20:29'),
(5, 'tes5555', 4, 24, '2019-02-11 07:21:03', '2019-02-11 07:21:03');

-- --------------------------------------------------------

--
-- Table structure for table `migrations`
--

CREATE TABLE `migrations` (
  `id` int(10) UNSIGNED NOT NULL,
  `migration` varchar(191) COLLATE utf8mb4_unicode_ci NOT NULL,
  `batch` int(11) NOT NULL
) ENGINE=InnoDB DEFAULT CHARSET=utf8mb4 COLLATE=utf8mb4_unicode_ci;

--
-- Dumping data for table `migrations`
--

INSERT INTO `migrations` (`id`, `migration`, `batch`) VALUES
(1, '2014_10_12_000000_create_users_table', 1),
(2, '2014_10_12_100000_create_password_resets_table', 1),
(3, '2016_06_01_000001_create_oauth_auth_codes_table', 1),
(4, '2016_06_01_000002_create_oauth_access_tokens_table', 1),
(5, '2016_06_01_000003_create_oauth_refresh_tokens_table', 1),
(6, '2016_06_01_000004_create_oauth_clients_table', 1),
(7, '2016_06_01_000005_create_oauth_personal_access_clients_table', 1),
(8, '2019_01_27_022715_create_messages_table', 2),
(9, '2019_01_28_222316_create_messages_table', 3),
(10, '2019_02_07_110143_create_farms_table', 3),
(11, '2019_02_09_000722_create_schedules_table', 4),
(12, '2019_02_09_060232_add_devicetoken_to_users', 5),
(13, '2019_02_11_092201_create_reports_table', 6),
(14, '2019_02_13_022118_create_forms_table', 7),
(15, '2019_02_22_045532_add_spesialis_to_users', 8),
(16, '2019_02_22_222100_ahlipraktisi', 9),
(17, '2019_02_22_224523_add_new_column_to_users', 10),
(18, '2019_02_25_225008_group_farm', 11),
(19, '2019_02_26_231929_assign', 12),
(20, '2019_02_26_231930_assign', 13),
(21, '2019_03_01_031632_farm', 14),
(22, '2019_03_02_232611_term', 15),
(23, '2019_03_04_110421_create_task', 16),
(24, '2019_03_05_020226_statustask', 17),
(25, '2019_03_07_002113_create_laporan', 18),
(26, '2019_03_08_061427_create_varietas', 19),
(27, '2019_03_24_172949_task2', 20);

-- --------------------------------------------------------

--
-- Table structure for table `oauth_access_tokens`
--

CREATE TABLE `oauth_access_tokens` (
  `id` varchar(100) COLLATE utf8mb4_unicode_ci NOT NULL,
  `user_id` int(11) DEFAULT NULL,
  `client_id` int(11) NOT NULL,
  `name` varchar(191) COLLATE utf8mb4_unicode_ci DEFAULT NULL,
  `scopes` text COLLATE utf8mb4_unicode_ci,
  `revoked` tinyint(1) NOT NULL,
  `created_at` timestamp NULL DEFAULT NULL,
  `updated_at` timestamp NULL DEFAULT NULL,
  `expires_at` datetime DEFAULT NULL
) ENGINE=InnoDB DEFAULT CHARSET=utf8mb4 COLLATE=utf8mb4_unicode_ci;

--
-- Dumping data for table `oauth_access_tokens`
--

INSERT INTO `oauth_access_tokens` (`id`, `user_id`, `client_id`, `name`, `scopes`, `revoked`, `created_at`, `updated_at`, `expires_at`) VALUES
('00c6a2766bb141dc6d24a976347c97986b2f24cb79e943d53f31de16d5664c7e956dfb85f8a7c322', 3, 1, 'MyApp', '[]', 0, '2019-03-21 00:41:08', '2019-03-21 00:41:08', '2020-03-21 07:41:08'),
('0228c2b0e5ac2d1c35f9adf1b7253ca24d5eddf0bbd44568276958b60763c574837bb6824d799abc', 1, 1, 'MyApp', '[]', 0, '2019-03-16 04:49:04', '2019-03-16 04:49:04', '2020-03-16 11:49:04'),
('033262c4096b429a91d67b32e8450ad45a71143c9a1c993b86a2d03c2813f0985ea83cddd7699c16', 2, 1, 'MyApp', '[]', 0, '2019-03-21 00:26:55', '2019-03-21 00:26:55', '2020-03-21 07:26:55'),
('03bbfb2814c23f27a361fd06fdd274f453a8418f4f8b883f5bfa6cc891eda602b1f11e91e6d9d4a6', 1, 1, 'MyApp', '[]', 0, '2019-02-03 08:29:20', '2019-02-03 08:29:20', '2020-02-03 15:29:20'),
('053163950349a954d0b542a161636241768f89cb8ac3e63ade2521c2ac0a29a5a0355bea9af95334', 1, 1, 'MyApp', '[]', 0, '2019-03-15 06:59:17', '2019-03-15 06:59:17', '2020-03-15 13:59:17'),
('0558429217185f0da36fa18d42e9c093f624fb33d1d1e9ce4dedc656f2c79f1b40b5d8589fd8ecdb', 14, 1, 'MyApp', '[]', 0, '2019-03-02 16:44:02', '2019-03-02 16:44:02', '2020-03-02 23:44:02'),
('0558b381892f302f8851b0cad44f08fa633d549343e444f089791e23da4142f17e56ff6e5801cd44', 1, 1, 'MyApp', '[]', 0, '2019-03-20 21:15:56', '2019-03-20 21:15:56', '2020-03-21 04:15:56'),
('0570466e3d5008e3ea57c49325ab0d3b3e35b5dac84e010e645b941ad7627e589f6e78896c66b1f0', 11, 1, 'MyApp', '[]', 0, '2019-03-18 23:54:39', '2019-03-18 23:54:39', '2020-03-19 06:54:39'),
('06528050f4f5ff89d34e226a8329b89262b9b5f84686f25cb93a45576a2c59d5bfbb31e38527ace3', 1, 1, 'MyApp', '[]', 0, '2019-03-16 04:49:07', '2019-03-16 04:49:07', '2020-03-16 11:49:07'),
('06b9949c1ff3c936b023603644321e098f81a65e6405cd0e25e1e02f71b7599588432712802b309c', 2, 1, 'MyApp', '[]', 0, '2019-03-20 01:45:06', '2019-03-20 01:45:06', '2020-03-20 08:45:06'),
('096e16fa8777dee9bbcc3c8a5403615a2a2aae402d2e173f7e46d05200902a11874b4dc3165f95e2', 1, 1, 'MyApp', '[]', 0, '2019-03-19 23:04:56', '2019-03-19 23:04:56', '2020-03-20 06:04:56'),
('099019e2210d6b8c91ad2a9ed316087d812ba44f28a52d131355c6e73565552241d93db40ed0510e', 1, 1, 'MyApp', '[]', 0, '2019-03-20 06:36:01', '2019-03-20 06:36:01', '2020-03-20 13:36:01'),
('0a9ca20cd4fcddc9b9e7caf9dbcf6cbb9d1ac511a5b6e76d6942ba1ef455a7bac2dc85a75bc36b43', 15, 1, 'MyApp', '[]', 0, '2019-03-15 11:02:20', '2019-03-15 11:02:20', '2020-03-15 18:02:20'),
('0d00d629ae2cf36c75cc69086a68d899df09bbea8066eaffc9320a52eb636ee772df8b6068c3d28a', 2, 1, 'MyApp', '[]', 0, '2019-02-03 08:36:17', '2019-02-03 08:36:17', '2020-02-03 15:36:17'),
('0d2e147a1790381f200c4676829c2b7a435245387c8d69839bc9f39ab3817daf8416c645a68c2974', 1, 1, 'MyApp', '[]', 0, '2019-03-18 23:55:52', '2019-03-18 23:55:52', '2020-03-19 06:55:52'),
('0e50717d482b8f84d5798c94bf0a60c5770ec5c8181ff4305025ea04a94a6c13a4cc56017a3484cf', 1, 1, 'MyApp', '[]', 0, '2019-02-08 23:08:59', '2019-02-08 23:08:59', '2020-02-09 06:08:59'),
('0e5c187247c6415bc1d4770bf618a9f4dcd0e49cbd0231a8097a3c956fb1bcf0e9029c885fd300a3', 15, 1, 'MyApp', '[]', 0, '2019-03-20 12:57:55', '2019-03-20 12:57:55', '2020-03-20 19:57:55'),
('0ed70f095a8361abab6a48cfb2a3806fc35c369f96284bec648863acf9647b9a1aeb9baf1d036cff', 2, 1, 'MyApp', '[]', 0, '2019-02-10 23:41:11', '2019-02-10 23:41:11', '2020-02-11 06:41:11'),
('0f9f03ac14159cd0309ae6d1684543c820f2c776cf4e545f033c8c8c6d6b375b99f035f486ec687e', 1, 1, 'MyApp', '[]', 0, '2019-01-29 02:01:40', '2019-01-29 02:01:40', '2020-01-29 09:01:40'),
('0ffb7eec2f17daca9a545f332572a4c87bfe7b1a0a81d3e1d0d109b05437a38a23bc3879086fa879', 15, 1, 'MyApp', '[]', 0, '2019-03-16 08:40:27', '2019-03-16 08:40:27', '2020-03-16 15:40:27'),
('10589c1f6ada0ec29c0fb87f2fb82eecc0e499ab8cd5539b503a4680b8ee5c02bf414cd68f87fde0', 1, 1, 'MyApp', '[]', 0, '2019-01-28 15:05:44', '2019-01-28 15:05:44', '2020-01-28 22:05:44'),
('114feb9a57a026188cdf4190d201199526302470c817a2c164a24adb81d35928bd25eb3c2ab4ce5d', 2, 1, 'MyApp', '[]', 0, '2019-03-23 03:52:15', '2019-03-23 03:52:15', '2020-03-23 10:52:15'),
('11a10173d6b7a11aa381f4ba4c6ec550a13b576c7b98d51dc1dce4bf404a373c0c05ed4ed82c0b82', 18, 1, 'MyApp', '[]', 0, '2019-03-22 20:57:26', '2019-03-22 20:57:26', '2020-03-23 03:57:26'),
('1245f5d99b68440ded087b6bc908de3d95a3f017628a5eef5729f225eb37b8770e5404c8f3dbb64b', 15, 1, 'MyApp', '[]', 0, '2019-03-15 04:41:10', '2019-03-15 04:41:10', '2020-03-15 11:41:10'),
('12b9cd7d645e1c0cb5d8d082bdca5a05088a3ac4ca27a66bfe10a3af99dadf507ce87ae6fc30671c', 1, 1, 'MyApp', '[]', 0, '2019-02-14 21:10:20', '2019-02-14 21:10:20', '2020-02-15 04:10:20'),
('1585f1739d9c9bf950c59de92e1db38d2425a21f302b050b6d97a0892a14fe76ffb65326d7f9ffe8', 1, 1, 'MyApp', '[]', 0, '2019-03-18 05:21:19', '2019-03-18 05:21:19', '2020-03-18 12:21:19'),
('15dd1cb6ffe7b7fcd19d88d641f27ff186365fa6f69727dd692b29fe1e0e434985ca73766a6ee193', 3, 1, 'MyApp', '[]', 0, '2019-03-19 05:59:49', '2019-03-19 05:59:49', '2020-03-19 12:59:49'),
('16372da135267bdc8b3ab87fcdda415ba234bbac60813ab7cc7297f80d276d9d5fe63263261d122e', 1, 1, 'MyApp', '[]', 0, '2019-01-26 10:46:30', '2019-01-26 10:46:30', '2020-01-26 17:46:30'),
('1685899ccf7d5af3ca347fc70c21c179f3e22389c7e775faf4927c4fdb4758090299c2c31eb67fee', 1, 1, 'MyApp', '[]', 0, '2019-03-19 00:09:56', '2019-03-19 00:09:56', '2020-03-19 07:09:56'),
('16d38df7e0366c0275b26deec32c3a406814433c3fd4144fd1c83056a4ea92d1134e37537a70d29a', 1, 1, 'MyApp', '[]', 0, '2019-03-10 10:57:52', '2019-03-10 10:57:52', '2020-03-10 17:57:52'),
('177c0a606a1c43577c01da01c7cf9eb7b7cd845d0dc188e82a9564b0079335213bb1a4ae84d93896', 18, 1, 'MyApp', '[]', 0, '2019-03-20 00:32:53', '2019-03-20 00:32:53', '2020-03-20 07:32:53'),
('17fc446297e47027b68db31e5c9d7030db97261d72b541785e5a5fec0af22ea7da90c4f3ddc1d99c', 1, 1, 'MyApp', '[]', 0, '2019-03-04 04:22:58', '2019-03-04 04:22:58', '2020-03-04 11:22:58'),
('18028b2ee1082b7838d0660d90b75c3dae82d1ccb47fbebc85d6126b895da0287275861e8401fa79', 3, 1, 'MyApp', '[]', 0, '2019-03-19 07:07:54', '2019-03-19 07:07:54', '2020-03-19 14:07:54'),
('186308418bfede6ecda36d9dcf84e13d6d5f5b83b63b5f28bcc400a07dd1e5290c930c00b3981b35', 1, 1, 'MyApp', '[]', 0, '2019-03-19 20:33:56', '2019-03-19 20:33:56', '2020-03-20 03:33:56'),
('18e12a9b0153b7c4b62e89ed7c4882ba8b5080805219d7c929ba193d6a57650b624e90d2e36d83db', 1, 1, 'MyApp', '[]', 0, '2019-03-20 22:45:10', '2019-03-20 22:45:10', '2020-03-21 05:45:10'),
('19264efcd74ff7eaaef188ff0568677c96657d4f5abb6641058d782a16f303a8039d0ab50ef65b36', 1, 1, 'MyApp', '[]', 0, '2019-03-20 21:11:01', '2019-03-20 21:11:01', '2020-03-21 04:11:01'),
('195eaf5431c2094ea01771e6351a9193494fb0a91b5ec0ee59ae596fc0a5fd44ac026e11f35a133a', 28, 1, 'MyApp', '[]', 0, '2019-03-23 09:04:56', '2019-03-23 09:04:56', '2020-03-23 16:04:56'),
('196128a9202fe1fb8bdc464957c6856befe949e8fd4fde2bd32ad5ac9ac3c1343f3b370750dd76ac', 1, 1, 'MyApp', '[]', 0, '2019-03-24 03:54:52', '2019-03-24 03:54:52', '2020-03-24 10:54:52'),
('19e2f8eb155bc219499f2f65c30161e0749ee2fec6198197278a86c7605437c1e0eabe3051839fdc', 3, 1, 'MyApp', '[]', 0, '2019-02-07 04:55:52', '2019-02-07 04:55:52', '2020-02-07 11:55:52'),
('19fad9d9f6ac1df8d80ba6ca745c1c20cd776645400e2c0f4905c86c4e16ff7f73c0b4ebb18cab0c', 3, 1, 'MyApp', '[]', 0, '2019-03-23 03:52:42', '2019-03-23 03:52:42', '2020-03-23 10:52:42'),
('1a2b717c43b16c5279864504eb4bc4a77816e87a8083ee73bb685e2df29084bbdc1bbc116af9311e', 3, 1, 'MyApp', '[]', 0, '2019-03-23 09:03:40', '2019-03-23 09:03:40', '2020-03-23 16:03:40'),
('1a43ef070eda9426dadd25b794b3d2073bbdd958f5cf373a9d6de03ccc2c6e2a67cbb7ac9ffe0842', 2, 1, 'MyApp', '[]', 0, '2019-03-20 01:42:53', '2019-03-20 01:42:53', '2020-03-20 08:42:53'),
('1aefbacafe0795928a72718f5aed271ac72e66f03122753dbcc5174573a0c66b91c4aae19578de35', 3, 1, 'MyApp', '[]', 0, '2019-03-20 11:00:31', '2019-03-20 11:00:31', '2020-03-20 18:00:31'),
('1be64f804135eff8c44221ddad6e0980ea0e7ddccdd46623f81c2e0556b10a9a4820ed7d177f6804', 15, 1, 'MyApp', '[]', 0, '2019-03-17 22:18:43', '2019-03-17 22:18:43', '2020-03-18 05:18:43'),
('1cbbea9e9360545177675b4ece578752e052ed1412f03350f1d1b98f0563079021a3ee50ae3981c8', 1, 1, 'MyApp', '[]', 0, '2019-03-15 04:27:44', '2019-03-15 04:27:44', '2020-03-15 11:27:44'),
('1e4e1f559b7ba64ccb0ca89f81d8f7361d8e24a76b6c7af7436db6d748e944757c4677ad0e0279d5', 3, 1, 'MyApp', '[]', 0, '2019-02-21 21:46:48', '2019-02-21 21:46:48', '2020-02-22 04:46:48'),
('1e733f62f522cbfa3ef5dbf143e2e58287268a62f3488850d254c5b9fa9f2bbadc3d5cd0b275255e', 2, 1, 'MyApp', '[]', 0, '2019-03-20 21:58:08', '2019-03-20 21:58:08', '2020-03-21 04:58:08'),
('20077c90bdbbaceba9e5c2cb22d369674cca9603c4a824533ef78ac0af796b6bcd01a76faa4b1c54', 2, 1, 'MyApp', '[]', 0, '2019-03-21 00:45:43', '2019-03-21 00:45:43', '2020-03-21 07:45:43'),
('20dfe8959261a83927ab9485a704ab0151785da2b8efa51b911c288b3402b6e2e2b1a13f0ad72d42', 2, 1, 'MyApp', '[]', 0, '2019-03-20 21:58:00', '2019-03-20 21:58:00', '2020-03-21 04:58:00'),
('21bd38665a6b88e8568d033642c20dbe45a6da5f91054afc07b0053cf20565de3caebcbeef1094ff', 1, 1, 'MyApp', '[]', 0, '2019-03-23 17:42:35', '2019-03-23 17:42:35', '2020-03-24 00:42:35'),
('21bd897111858cbe3c5b7e6663fbce33675fad8ba5c31b3ca8ad39148bb6f6770a6cf1462b456425', 15, 1, 'MyApp', '[]', 0, '2019-03-16 18:57:30', '2019-03-16 18:57:30', '2020-03-17 01:57:30'),
('21fee69d7156f7dd51503da95561cdf74d9c1afa62fca0567fea38a15fce6bb1d4e629655b673fcc', 3, 1, 'MyApp', '[]', 0, '2019-03-20 21:13:40', '2019-03-20 21:13:40', '2020-03-21 04:13:40'),
('2236e7ccca7995e64d5218619379ccee2f1590fec48cc99092a6ff43fb7514cfe0a24d8ee65083a0', 1, 1, 'MyApp', '[]', 0, '2019-03-18 01:23:17', '2019-03-18 01:23:17', '2020-03-18 08:23:17'),
('22e08f75d3827d344ddc5bfb936c928110d2eed4a48faa583106ee0250cdff32805b064685f254a9', 2, 1, 'MyApp', '[]', 0, '2019-03-19 16:53:00', '2019-03-19 16:53:00', '2020-03-19 23:53:00'),
('2372a71132d100e3d776513c2132e948644976349eeff820e110936de8de94ef554d82cb7aadddfd', 23, 1, 'MyApp', '[]', 0, '2019-03-21 00:22:26', '2019-03-21 00:22:26', '2020-03-21 07:22:26'),
('23ceea8ec73e86de6e0fbe7948085a81ec6656b67c1acc27c6c8a5bfd6bbf0d9a078a716a014320f', 1, 1, 'MyApp', '[]', 0, '2019-03-10 10:38:30', '2019-03-10 10:38:30', '2020-03-10 17:38:30'),
('23ec6f4e6836e1264424c1329e3cab2ec3a8f754aa04ef89bae517ef97b119f336bb21b8966c066f', 1, 1, 'MyApp', '[]', 0, '2019-03-15 18:54:17', '2019-03-15 18:54:17', '2020-03-16 01:54:17'),
('23fd3db64099cda6772326cc0786af593b119f3182101db7a6b1782cffa0b22636bd242b774f195e', 1, 1, 'MyApp', '[]', 0, '2019-01-27 03:38:06', '2019-01-27 03:38:06', '2020-01-27 10:38:06'),
('24dc2b5f28a7df6816a35c0f35386b6f926fd8d52d1036bb3f271c6eba1269d6ca3b9b4da58da365', 23, 1, 'MyApp', '[]', 0, '2019-03-21 02:25:30', '2019-03-21 02:25:30', '2020-03-21 09:25:30'),
('25070e895ea91dab8008e992629d63e67b6047a92606c7a8eb8bff3382c6890f6e95f140f492bd20', 2, 1, 'MyApp', '[]', 0, '2019-03-20 20:12:45', '2019-03-20 20:12:45', '2020-03-21 03:12:45'),
('258954eb835f7f2e1dcab504fd1973a5ff1c35f1b708af3be4a10a2914eda35d3e1601f1e7bdba2f', 1, 1, 'MyApp', '[]', 0, '2019-03-20 17:06:57', '2019-03-20 17:06:57', '2020-03-21 00:06:57'),
('2682b94e11dfa92f7445073af38c627dd5a44d50d618bac0d54a1cb6d06484a502ae07e8e5626a6d', 1, 1, 'MyApp', '[]', 0, '2019-03-16 02:50:03', '2019-03-16 02:50:03', '2020-03-16 09:50:03'),
('2704bd54d25d59c05e02a7d547e6dc50948db991c98d363df7dab644345a54e464f51e9cf20094ce', 13, 1, 'MyApp', '[]', 0, '2019-03-20 01:45:43', '2019-03-20 01:45:43', '2020-03-20 08:45:43'),
('27af85a6e6dce715f40c93fff030c05fd877b0bd6a50232b35391e046fc3c4efacd1acbaac3d1983', 15, 1, 'MyApp', '[]', 0, '2019-03-18 06:58:53', '2019-03-18 06:58:53', '2020-03-18 13:58:53'),
('27b8f323e33e7efc2b119d8938876aa4e406646eb9b411a8686f481ea7ce3eb1978e0df2ff543b72', 2, 1, 'MyApp', '[]', 0, '2019-03-20 18:56:10', '2019-03-20 18:56:10', '2020-03-21 01:56:10'),
('27d9700d4871b3ecdfd4f9c668647adb7456c639a0932854dca01362d8bb7a42571759915ebe995c', 1, 1, 'MyApp', '[]', 0, '2019-01-24 18:25:02', '2019-01-24 18:25:02', '2020-01-25 01:25:02'),
('27eb7b2600e193330922cc163d22a0971d30ed5dfd65b0ab17400a58c50ac36f21eaf8d7bb9346b0', 3, 1, 'MyApp', '[]', 0, '2019-03-19 07:16:44', '2019-03-19 07:16:44', '2020-03-19 14:16:44'),
('27f1394fdc9d41fdf9ccf49605b84313873dead618860092d6ef1d646211c31fdba1c18f1c5e855f', 1, 1, 'MyApp', '[]', 0, '2019-01-27 00:58:12', '2019-01-27 00:58:12', '2020-01-27 07:58:12'),
('29645ad0a7fc92279c1730edc57cfe28925aca2044a85c4b08fe27c172a49662d463770f71b014b7', 2, 1, 'MyApp', '[]', 0, '2019-03-20 01:42:41', '2019-03-20 01:42:41', '2020-03-20 08:42:41'),
('2a7fe42eadebf6102fbb27e5bbd478001a000229efe8a743da8e88c5cddefce5b0082195046ae779', 1, 1, 'MyApp', '[]', 0, '2019-03-13 23:35:18', '2019-03-13 23:35:18', '2020-03-14 06:35:18'),
('2ad1f53778e882672b29d04219d9309f87fa10974efa04bba446e814d4603348b9e83ee3804d2989', 1, 1, 'MyApp', '[]', 0, '2019-03-19 01:47:39', '2019-03-19 01:47:39', '2020-03-19 08:47:39'),
('2aff5bfe2a9f2baacfca7e2df4052d98b9b9d4893832fc03fb4dd0cd551ac4d8fbae88852dfd0ac5', 15, 1, 'MyApp', '[]', 0, '2019-03-08 04:51:51', '2019-03-08 04:51:51', '2020-03-08 11:51:51'),
('2bea0c0f14570a6a575cecb16af362c2422d5b977c460187e0e6dd731b2d6846a0f68d1115f0aff3', 1, 1, 'MyApp', '[]', 0, '2019-03-13 23:12:34', '2019-03-13 23:12:34', '2020-03-14 06:12:34'),
('2cb6293d952c9d4b46408a86713344f1ea1a5105bc875a7f80b606a6b3fd55f78c88007e6859a3bd', 2, 1, 'MyApp', '[]', 0, '2019-03-23 03:54:49', '2019-03-23 03:54:49', '2020-03-23 10:54:49'),
('2d25234d7ee279ec2d7c2ba09225bd7c9c506ba63ae056269014855a7e0ce2bdbd6ec6c239aa3504', 2, 1, 'MyApp', '[]', 0, '2019-03-20 01:43:40', '2019-03-20 01:43:40', '2020-03-20 08:43:40'),
('302215634dca67af1e2031e3c01381c6453cf45dd9bd82ad4ea7b5180af37a951c93ec74a61e0228', 3, 1, 'MyApp', '[]', 0, '2019-03-20 06:37:12', '2019-03-20 06:37:12', '2020-03-20 13:37:12'),
('30cee2787f54f23a97c74fb25051bebf596f44d7141647e6a943a80365ca83e95cb8cb15002942a8', 1, 1, 'MyApp', '[]', 0, '2019-01-24 18:15:09', '2019-01-24 18:15:09', '2020-01-25 01:15:09'),
('316c9cc6745e6b09971a39fb9e32af93f2418907fa000de2aeb5157e4ad85993407206e80e589ff7', 3, 1, 'MyApp', '[]', 0, '2019-03-20 07:35:50', '2019-03-20 07:35:50', '2020-03-20 14:35:50'),
('317359f192a2600f73266bdd19cbe65bc442ebd0205e612ef543020d01ae88a05afbec0d76396358', 1, 1, 'MyApp', '[]', 0, '2019-03-19 20:24:22', '2019-03-19 20:24:22', '2020-03-20 03:24:22'),
('31ccd5e9bf85ec8a93a6ac0f15d7b4f38a50b47eb689c4fb2f41eef766b9a6d949c673b4b5ec4563', 1, 1, 'MyApp', '[]', 0, '2019-01-24 18:15:12', '2019-01-24 18:15:12', '2020-01-25 01:15:12'),
('31ceafc24d60678620ef7f30a0b5c0bbace5da6c736659aee3ccb99be3441df2dd21c2594c163f5a', 2, 1, 'MyApp', '[]', 0, '2019-03-19 00:29:51', '2019-03-19 00:29:51', '2020-03-19 07:29:51'),
('323b7452edaab5534732c606214f075809d903e65801cf5d0e1d35037d95558ccc6fe46ba1071c06', 1, 1, 'MyApp', '[]', 0, '2019-03-20 06:57:59', '2019-03-20 06:57:59', '2020-03-20 13:57:59'),
('324fee5e2879547aeb8d8e598a31ab5cf0cff2f07d23e4e85bdcac6252348a954dbe4225195bcece', 1, 1, 'MyApp', '[]', 0, '2019-03-23 06:24:39', '2019-03-23 06:24:39', '2020-03-23 13:24:39'),
('34dff28fe7ff3afe8d01e50aa34f9aaac31315a4aaff41c4c706245b5bce0e473913a4d3affa8455', 1, 1, 'MyApp', '[]', 0, '2019-03-15 04:16:54', '2019-03-15 04:16:54', '2020-03-15 11:16:54'),
('34f115888070b990b39aaedfb34aa877ba4316f4c96cee1d453bba3b3918d3f646a75bd8f5322849', 1, 1, 'MyApp', '[]', 0, '2019-03-18 03:09:01', '2019-03-18 03:09:01', '2020-03-18 10:09:01'),
('35316382796c8f67bd9490e3c09db372ec23fddfa835f81d470eca91e5982166670c8a1334b1b0ab', 3, 1, 'MyApp', '[]', 0, '2019-03-19 06:51:26', '2019-03-19 06:51:26', '2020-03-19 13:51:26'),
('35e1f4c4aad3275728cf490c54a5b1a462b965cf18d03fe69642d4ee53f8eca4b5a74afb8a743371', 2, 1, 'MyApp', '[]', 0, '2019-03-04 19:54:09', '2019-03-04 19:54:09', '2020-03-05 02:54:09'),
('364278e8964493b6e84b6464a9883125ec029b156b2bc3895f3d0588e25b24d00219b93457cc2711', 18, 1, 'MyApp', '[]', 0, '2019-03-20 01:44:08', '2019-03-20 01:44:08', '2020-03-20 08:44:08'),
('374920cac7777f6be16b7db308ae4bdf964d585100b2eba43063c7f9784a45277b5574300ebc55e3', 2, 1, 'MyApp', '[]', 0, '2019-03-06 01:57:51', '2019-03-06 01:57:51', '2020-03-06 08:57:51'),
('388f9426c7780e51a08bcc9009c8877e13a2154e3f8b9f36d7ae431014b59e92dbd44b2c7a88ef14', 22, 1, 'MyApp', '[]', 0, '2019-03-23 09:14:49', '2019-03-23 09:14:49', '2020-03-23 16:14:49'),
('392db63414286042094aeecb3e7b0d4117e04fb20529e846d917431720c1831e55b78b98b6890bf0', 1, 1, 'MyApp', '[]', 0, '2019-01-27 02:44:47', '2019-01-27 02:44:47', '2020-01-27 09:44:47'),
('3a2ca5c32248477282e948c51b519621163b9bb9ead36808497b095049f7dd61f00a2601d1c2f6de', 3, 1, 'MyApp', '[]', 0, '2019-03-19 01:44:43', '2019-03-19 01:44:43', '2020-03-19 08:44:43'),
('3a46b6e54ab03542ab9a9725ded575d49f35d997dcc8517ba30134231e5e4faeeba3e674c809ce1a', 3, 1, 'MyApp', '[]', 0, '2019-02-11 07:18:30', '2019-02-11 07:18:30', '2020-02-11 14:18:30'),
('3c5765fc6247c66f7dfdf5025e4f20a149cb67fde2cfe1581bed5c8b31efc71ae187bc129281f354', 1, 1, 'MyApp', '[]', 0, '2019-03-06 02:11:39', '2019-03-06 02:11:39', '2020-03-06 09:11:39'),
('3dddd73d2a93bceb1c4bee1ac1a49ea3466fe528c02305fb51aa56351a20b73cef0100ab9fbf09e4', 25, 1, 'MyApp', '[]', 0, '2019-03-23 03:56:14', '2019-03-23 03:56:14', '2020-03-23 10:56:14'),
('3e0dbb7ea9a875ba3e0ec82abf135b6a9d2deb0c816d181b6fbf1087b2393afde0e365f99e23895a', 1, 1, 'MyApp', '[]', 0, '2019-03-16 04:49:07', '2019-03-16 04:49:07', '2020-03-16 11:49:07'),
('3f2c888a1b5f38ed60768d55440166746d8de533ac6608812b1db28f125cdd9db698d395407fbc25', 2, 1, 'MyApp', '[]', 0, '2019-03-20 04:59:05', '2019-03-20 04:59:05', '2020-03-20 11:59:05'),
('3f66af160ded321626aa7848a0054f3e78bc628a7214d7612a1bf702de30a80f4f517936a7688e31', 3, 1, 'MyApp', '[]', 0, '2019-03-19 22:55:53', '2019-03-19 22:55:53', '2020-03-20 05:55:53'),
('4131b9677472cab558b066c5a9632b1701de0edd5aea51a4d84e20b2774f62b71d67006f63e5fd22', 18, 1, 'MyApp', '[]', 0, '2019-03-19 23:31:43', '2019-03-19 23:31:43', '2020-03-20 06:31:43'),
('4216c1c6758a3ee1c02ad46d3a37fa34c77708d116a2cf69cb12faf441b56a5edda63d48c891aaa8', 18, 1, 'MyApp', '[]', 0, '2019-03-20 01:40:19', '2019-03-20 01:40:19', '2020-03-20 08:40:19'),
('4249e06f30ff2bb97b36281c7c3b620529c42f81cf6f97df3e89ddffdb3497780d24b288a258ec84', 1, 1, 'MyApp', '[]', 0, '2019-01-27 03:44:13', '2019-01-27 03:44:13', '2020-01-27 10:44:13'),
('43711f422c7ede01cfd39cbbe17389e0fa18e50263ae28bf3d0d225a0656aa53b93f4d2c40d02ead', 1, 1, 'MyApp', '[]', 0, '2019-03-18 01:09:03', '2019-03-18 01:09:03', '2020-03-18 08:09:03'),
('44b98e380b14f2d2e9ab4173f772f687c50598c865d2a48c92f1944d10f5d5bb5fd5e249c42bf083', 2, 1, 'MyApp', '[]', 0, '2019-03-06 18:10:54', '2019-03-06 18:10:54', '2020-03-07 01:10:54'),
('4567373746e56179209ca42ac8befdd444906689f48226d93dda6bdf152554559526d5e66889cba6', 2, 1, 'MyApp', '[]', 0, '2019-03-21 20:16:12', '2019-03-21 20:16:12', '2020-03-22 03:16:12'),
('462ec97b1e5227287ecba4a9c83d839095b7693020a47c46e4fcee4cd26725012d66821dd0771d95', 2, 1, 'MyApp', '[]', 0, '2019-03-15 06:12:34', '2019-03-15 06:12:34', '2020-03-15 13:12:34'),
('46a313d35b79d848591cd407398bc6115351b2696fb16694b00633c4c5e40c02c21939b97260db89', 1, 1, 'MyApp', '[]', 0, '2019-03-23 17:41:20', '2019-03-23 17:41:20', '2020-03-24 00:41:20'),
('47636cd37de60d47cbf158a7bf37198fa3c720ce11d6064fc4b42e1e28ac8e1ed6ba9d9cccfad9a4', 2, 1, 'MyApp', '[]', 0, '2019-03-20 05:04:48', '2019-03-20 05:04:48', '2020-03-20 12:04:48'),
('4799980e698334494e68e06d1982ae5ee57d461197d3876d461ff9dbb649d673331064d76b99f0bf', 1, 1, 'MyApp', '[]', 0, '2019-03-23 17:40:26', '2019-03-23 17:40:26', '2020-03-24 00:40:26'),
('47d1b2017acce32f9df63a850216fcf213fc3215f9605a50091dc75e930510fd7346bd2717fba8bb', 15, 1, 'MyApp', '[]', 0, '2019-03-16 22:31:56', '2019-03-16 22:31:56', '2020-03-17 05:31:56'),
('49a621191ce4cf191733241651203cad199b0e49db6a150ce1850289b10df43e57c244d4d6174c0c', 1, 1, 'MyApp', '[]', 0, '2019-03-19 06:01:21', '2019-03-19 06:01:21', '2020-03-19 13:01:21'),
('4a44c7b5d914a0c3e5df862e937d7ada7bdc8d0d367268e44edd348056a0843c5264e89caa95d040', 1, 1, 'MyApp', '[]', 0, '2019-03-24 11:11:55', '2019-03-24 11:11:55', '2020-03-24 18:11:55'),
('4adc5dc5bc5c08a2f912ede1bf5245a96732a028525b03e755a959941fd406585437ac84621c01bd', 1, 1, 'MyApp', '[]', 0, '2019-03-24 02:38:03', '2019-03-24 02:38:03', '2020-03-24 09:38:03'),
('4ca4bd9499cc0e69a817bd560d0e0e286dee24ca737b2a4ef8aa8fcf8bf853a0aa6a528994cae1e6', 15, 1, 'MyApp', '[]', 0, '2019-03-05 16:26:02', '2019-03-05 16:26:02', '2020-03-05 23:26:02'),
('4d458ccadc6ea4da945e637fde592d9a5b1d06313503ed3d24735ad59065f0ec128a2d6379bcbe9c', 15, 1, 'MyApp', '[]', 0, '2019-03-16 08:41:26', '2019-03-16 08:41:26', '2020-03-16 15:41:26'),
('4f031bfc4be5a0d816d7e7af838697f4eeeb4b65a76c85033dd27a2bc093c6913fd03e032caa8e3b', 1, 1, 'MyApp', '[]', 0, '2019-03-20 06:39:02', '2019-03-20 06:39:02', '2020-03-20 13:39:02'),
('4fea219c9a07be9f9437bcbc754e85bb94d7a919d837ef52d3b17dfff0452e0e7e824d05dab81b90', 18, 1, 'MyApp', '[]', 0, '2019-03-20 01:44:22', '2019-03-20 01:44:22', '2020-03-20 08:44:22'),
('4ffb575343a1b2f24da2832c7e070c58637eff51ca1641129a2035a3307f943f4724899174c03240', 1, 1, 'MyApp', '[]', 0, '2019-02-03 06:54:16', '2019-02-03 06:54:16', '2020-02-03 13:54:16'),
('5108fe3964c847a3e2db0755e0f2a5131cd6b73a14d7af9e5387f15497e5143b83e884e519b17228', 1, 1, 'MyApp', '[]', 0, '2019-03-16 04:49:07', '2019-03-16 04:49:07', '2020-03-16 11:49:07'),
('51233aef765f10829d4236b56bd58be9d1a9ca07c21c2e13e65ac1d14b1201f6d3279376e5e00eb6', 14, 1, 'MyApp', '[]', 0, '2019-03-12 04:17:02', '2019-03-12 04:17:02', '2020-03-12 11:17:02'),
('51b05045c0167495a4427bcdaa63a08393d0082c9cda1f37f82d787444736282323652a1ffe3d652', 3, 1, 'MyApp', '[]', 0, '2019-03-19 04:59:10', '2019-03-19 04:59:10', '2020-03-19 11:59:10'),
('530748b8211e26c03e8a79fb5dce323badb83c316a75189ce9b18dcba53c1b55cb172fb4e3c06854', 22, 1, 'MyApp', '[]', 0, '2019-03-19 22:53:20', '2019-03-19 22:53:20', '2020-03-20 05:53:20'),
('552afffa18daf61babb943ff425d41860215c4af1852194758992d5006d3e31e5b25ce0db11cceae', 1, 1, 'MyApp', '[]', 0, '2019-01-24 18:10:38', '2019-01-24 18:10:38', '2020-01-25 01:10:38'),
('557cb75f7bb4e9d127c5b2f3f31a7a0ddef75fa44181b015de6f3552b9cdbcd800f6160595cdc634', 1, 1, 'MyApp', '[]', 0, '2019-03-21 20:16:27', '2019-03-21 20:16:27', '2020-03-22 03:16:27'),
('55f5cec20de4d48de5b2a768356e7061bf3598732728c322b5d50c5a7543cf218dc32fdae4ee83e1', 3, 1, 'MyApp', '[]', 0, '2019-03-19 08:27:03', '2019-03-19 08:27:03', '2020-03-19 15:27:03'),
('560d606dad71b290f399dd35c30422934d9b6fbd74eaabc08a2c054182a18a3f2afb738faaac6ee0', 1, 1, 'MyApp', '[]', 0, '2019-03-23 03:26:41', '2019-03-23 03:26:41', '2020-03-23 10:26:41'),
('56148ed259a5b797dfa2e13595a592fcf6c91c7c87959f36a550c9ad999521caf770ac4577416852', 15, 1, 'MyApp', '[]', 0, '2019-03-22 03:18:45', '2019-03-22 03:18:45', '2020-03-22 10:18:45'),
('567dd7e0c9b943a65c7c3771890292db51cff851fe7e4223a29c7d20f925e396f9cb194e57b0d3ae', 2, 1, 'MyApp', '[]', 0, '2019-03-20 01:44:55', '2019-03-20 01:44:55', '2020-03-20 08:44:55'),
('574637dd12b8208a66543722b05709f1f4884efbb38feccb5d5b67c4a612ebd6c14c5a4a0ac5b662', 1, 1, 'MyApp', '[]', 0, '2019-03-17 22:19:14', '2019-03-17 22:19:14', '2020-03-18 05:19:14'),
('57d578cf1f8b67a2321c6b1aa6def154a1d00453fc482df1371c423baf3622406552516d10ea8cc7', 1, 1, 'MyApp', '[]', 0, '2019-03-24 03:56:45', '2019-03-24 03:56:45', '2020-03-24 10:56:45'),
('5844b5ef4d0f0afa17c566bd905b477a6f0d8d248c83f38ddacb79a6cbeee07c2e2a905ccd340728', 1, 1, 'MyApp', '[]', 0, '2019-03-20 19:40:25', '2019-03-20 19:40:25', '2020-03-21 02:40:25'),
('59642d0b260c064283980aca9a87f9fa1cafccf5adba952fee8ddcc6188e66a22786b00bb2c255ec', 1, 1, 'MyApp', '[]', 0, '2019-01-28 16:13:42', '2019-01-28 16:13:42', '2020-01-28 23:13:42'),
('59f4d30d8d1fd50e51b4b5beb767beb8f10c10e3c4b543a4a991afc373e050fa78f6b2ccce46436d', 2, 1, 'MyApp', '[]', 0, '2019-03-21 02:17:02', '2019-03-21 02:17:02', '2020-03-21 09:17:02'),
('5a4e6cfb1da5f12174fb050d319740e8112ff22155b29cadfcb2c1b197e98aecde7d1c4d3600647e', 3, 1, 'MyApp', '[]', 0, '2019-03-22 05:07:40', '2019-03-22 05:07:40', '2020-03-22 12:07:40'),
('5bbb1b93c77ecb52756f037ac79fd1dde49e6f83e4144fc8890391867b76a502c98d25102287675d', 1, 1, 'MyApp', '[]', 0, '2019-03-15 19:09:31', '2019-03-15 19:09:31', '2020-03-16 02:09:31'),
('5da4a1afd7fa0b49a6c4f655736b467eac49550402e744f6a7640916ee0f2a433bdcf95abf6687c8', 1, 1, 'MyApp', '[]', 0, '2019-03-23 17:28:57', '2019-03-23 17:28:57', '2020-03-24 00:28:57'),
('5da84a32d0eedb5bd6b0600df12d316999bd43bd4ea76610a26183a043fa594416166cc58369404e', 1, 1, 'MyApp', '[]', 0, '2019-03-13 23:31:01', '2019-03-13 23:31:01', '2020-03-14 06:31:01'),
('5dad2f9f0428dd14346bb3d277d102aa45f35cc8ed7ed5725b80928f3a3e70032794434baba59d19', 2, 1, 'MyApp', '[]', 0, '2019-03-16 08:43:48', '2019-03-16 08:43:48', '2020-03-16 15:43:48'),
('5e24464541a13977e6958245c1ae35b6653809051e42fc53fec88a8964afc426ec78e348af362230', 3, 1, 'MyApp', '[]', 0, '2019-02-11 06:15:32', '2019-02-11 06:15:32', '2020-02-11 13:15:32'),
('5e276fb536de1d9eb6cc9d1243d15d16d32a37187bd322d39ff63a7b0436bf7de6686fa9e0d146cc', 1, 1, 'MyApp', '[]', 0, '2019-03-23 09:02:25', '2019-03-23 09:02:25', '2020-03-23 16:02:25'),
('5e6a8c0b97623290ac87d251c94c943b3e19e17cb43b3524883a85472b98e7ef0f8f1968fa3daf5a', 2, 1, 'MyApp', '[]', 0, '2019-03-19 00:58:45', '2019-03-19 00:58:45', '2020-03-19 07:58:45'),
('5e83d661bbcd930fa49cac0942da4a1a4dd7bafb6217c94cf8245ffdbf10fbdf84465c49342aa4ef', 14, 1, 'MyApp', '[]', 0, '2019-03-15 17:41:20', '2019-03-15 17:41:20', '2020-03-16 00:41:20'),
('5f2ae14b4903d84bc92463636aee3eb68f538246d0d6a72ac272e048b3de51cca0c9a879953e7eea', 1, 1, 'MyApp', '[]', 0, '2019-03-19 06:52:44', '2019-03-19 06:52:44', '2020-03-19 13:52:44'),
('5f9e40a553b47c449df81dcb5ebc7985edee067812d0cde3cc6643f6144c274ce922041ff17f4155', 1, 1, 'MyApp', '[]', 0, '2019-01-30 19:13:50', '2019-01-30 19:13:50', '2020-01-31 02:13:50'),
('61727f7244410fa641531c9f0544307b4a796441209e6416534ee9d5dd96a4d3ab357ad485386011', 1, 1, 'MyApp', '[]', 0, '2019-02-07 04:32:16', '2019-02-07 04:32:16', '2020-02-07 11:32:16'),
('6228ff54bd04e75264b38ff6b40b835fc31772897d87485a1d1b2f8882fefb1026e50329ff84886b', 1, 1, 'MyApp', '[]', 0, '2019-02-25 16:12:32', '2019-02-25 16:12:32', '2020-02-25 23:12:32'),
('62b59083c846dec3022b7148d4385a9903cc9b39d3b6ba92b0f7f40508fa2524444ea1553089063c', 1, 1, 'MyApp', '[]', 0, '2019-02-21 00:49:05', '2019-02-21 00:49:05', '2020-02-21 07:49:05'),
('62fc4ef3b5cb1762dc965d9f4a19fcc82aaeab1ae30a4f700426de88d2234d7b0a96afda59ccf409', 3, 1, 'MyApp', '[]', 0, '2019-03-22 04:35:59', '2019-03-22 04:35:59', '2020-03-22 11:35:59'),
('636f2eb304697b4f5679853e739651c491d2fb4e87f6c8350d247135f44c69b454b86b00b196c184', 2, 1, 'MyApp', '[]', 0, '2019-01-26 09:54:08', '2019-01-26 09:54:08', '2020-01-26 16:54:08'),
('639143690cc13c852c72c9d50574bde08097fa10baa0d9bc0cb892338455962d474b99d9c8899ce7', 2, 1, 'MyApp', '[]', 0, '2019-03-18 21:42:14', '2019-03-18 21:42:14', '2020-03-19 04:42:14'),
('6526b0eafa1beab7ace386a0342579fa19ac55b407f6c0b98e05d7345de54cda9c7b5dba68d31daf', 2, 1, 'MyApp', '[]', 0, '2019-03-22 03:22:02', '2019-03-22 03:22:02', '2020-03-22 10:22:02'),
('662eb597a8f51f6d31ab0f95d34528be814edb8b251a57389aa237ddd1afc93f452cf67962bf3aa1', 3, 1, 'MyApp', '[]', 0, '2019-03-19 06:01:39', '2019-03-19 06:01:39', '2020-03-19 13:01:39'),
('668efb5e7e364bdb7e37a2ce96a8a74b995e621296e552a1bc54fc68163a3e725c6ee7e223cd9474', 1, 1, 'MyApp', '[]', 0, '2019-03-21 07:21:14', '2019-03-21 07:21:14', '2020-03-21 14:21:14'),
('67543e1f6ff2b713a27c0d170cbb50cafcbad048bf618b97d5e07ba19d61f7c24adbbac7712a564e', 1, 1, 'MyApp', '[]', 0, '2019-03-22 05:06:51', '2019-03-22 05:06:51', '2020-03-22 12:06:51'),
('67b2132deeee6b328c3006303c4459f93037f7f26ce0569f7eefc154018290e707d89bb2c755e03d', 2, 1, 'MyApp', '[]', 0, '2019-03-08 04:30:42', '2019-03-08 04:30:42', '2020-03-08 11:30:42'),
('6810a45ec3ec8358f1ef1886e5814a120d60c1c322dc5f4a7cce4a198411ca7bf61e5d3eab726e6c', 15, 1, 'MyApp', '[]', 0, '2019-03-12 04:03:54', '2019-03-12 04:03:54', '2020-03-12 11:03:54'),
('68fca62bcc96094dbb3826d184b56a32a4a39866ae67b1213b5e6cb70ca17ba1d6f425a28c20a5de', 2, 1, 'MyApp', '[]', 0, '2019-03-20 21:17:25', '2019-03-20 21:17:25', '2020-03-21 04:17:25'),
('6a39ddb7ce373220bed4b9f3a7482352037b874b1696ee8be1d5e733352548368495c7d79ed6af0f', 2, 1, 'MyApp', '[]', 0, '2019-03-20 18:54:39', '2019-03-20 18:54:39', '2020-03-21 01:54:39'),
('6ad9a8370a9f333751efac28cef8bdc385f8f212d6f6652a743f46c86b6828944fb9a3676eba77d8', 1, 1, 'MyApp', '[]', 0, '2019-03-16 02:46:00', '2019-03-16 02:46:00', '2020-03-16 09:46:00'),
('6b115f58e1384a1957b82859ab2b3a8894da16dff4c200baace8840724c679ec1699664a1ac686a0', 1, 1, 'MyApp', '[]', 0, '2019-03-18 23:34:12', '2019-03-18 23:34:12', '2020-03-19 06:34:12'),
('6b8737e40214e48ae515a9b83ba7b6a2c18c95ab69b4ed20fa815a558b6c72819bc6e70c577d3fbd', 18, 1, 'MyApp', '[]', 0, '2019-03-20 04:22:23', '2019-03-20 04:22:23', '2020-03-20 11:22:23'),
('6b8d0b63e0ff54d7e48e8a7a77e6eb75b831ce349605c8ce915dd09ddd7eaeb108e95f7775f75c08', 1, 1, 'MyApp', '[]', 0, '2019-03-15 17:38:01', '2019-03-15 17:38:01', '2020-03-16 00:38:01'),
('6cbd4c6b761edf4fde580195a81bb8dc835acef45c363b811eb5a12f068892d1a1348effcaf7add6', 2, 1, 'MyApp', '[]', 0, '2019-03-18 00:17:49', '2019-03-18 00:17:49', '2020-03-18 07:17:49'),
('6f78ce2138cd09071de2f8596ac8f3a07817abc395b36fcd145783bb5343c45cd784f6eaa08d7362', 1, 1, 'MyApp', '[]', 0, '2019-03-24 02:58:42', '2019-03-24 02:58:42', '2020-03-24 09:58:42'),
('6fbc4168e435f3ebe939e947f8fa5a10fb3eb79bb17ff993b81b8ac1b846e2c0feee4cae14637b58', 1, 1, 'MyApp', '[]', 0, '2019-03-18 01:21:07', '2019-03-18 01:21:07', '2020-03-18 08:21:07'),
('714a5d09123a3db9ec627914980f2e59fe9f98ca11658ffe8dfd9cb6cafe7a21a14e6b43bcb19047', 2, 1, 'MyApp', '[]', 0, '2019-03-20 20:15:12', '2019-03-20 20:15:12', '2020-03-21 03:15:12'),
('7290c36012f2cf17cec174a1b0329303db0e24e020fc9bdcfa8897f9f5c3928e01db3c22a463b80f', 1, 1, 'MyApp', '[]', 0, '2019-03-17 01:53:48', '2019-03-17 01:53:48', '2020-03-17 08:53:48'),
('75128c104ef2f71c95744bf20dd25ed46e40a6a0579c0c60de5426f96f0786c3eb2a38ac7635d836', 1, 1, 'MyApp', '[]', 0, '2019-03-17 22:04:19', '2019-03-17 22:04:19', '2020-03-18 05:04:19'),
('75d9d7a8694bea16f7a58ee05270e75cb3f816e3c8424834487fa5469af04e124555733c7464808a', 2, 1, 'MyApp', '[]', 0, '2019-03-16 17:58:23', '2019-03-16 17:58:23', '2020-03-17 00:58:23'),
('769a3fb8a0f0e28286aaa03578ea7b89d4be2b7e4cc2dcd607802400488d0656393fc8ed2e112678', 1, 1, 'MyApp', '[]', 0, '2019-03-18 01:12:07', '2019-03-18 01:12:07', '2020-03-18 08:12:07'),
('77087dcdf4f910f522d493b4950975928601347ae16a29f02592db0c3125ac7f8e87e7badf35967b', 1, 1, 'MyApp', '[]', 0, '2019-03-21 00:42:15', '2019-03-21 00:42:15', '2020-03-21 07:42:15'),
('77d92d373a47e116bcd9a32fce558f9b2ae50f81940286cbfaf6c91da5da7a9055407a98e8db5caf', 2, 1, 'MyApp', '[]', 0, '2019-01-28 15:06:53', '2019-01-28 15:06:53', '2020-01-28 22:06:53'),
('790b9ba64aee67ddd348cae4749269792da2006ea557114abc548cf7763c35aa2d84d4e0f96c9431', 1, 1, 'MyApp', '[]', 0, '2019-03-24 10:52:39', '2019-03-24 10:52:39', '2020-03-24 17:52:39'),
('7a53d519ab199f0854bf4970ab805f11b2f105ad7194990344d60a46186d9097818fac01820cf72e', 1, 1, 'MyApp', '[]', 0, '2019-03-19 21:11:57', '2019-03-19 21:11:57', '2020-03-20 04:11:57'),
('7c268a08d6634279524024b54ddfd18cf93a0ac128609a68b07d92880f00feb45848fbe0cfac78b4', 2, 1, 'MyApp', '[]', 0, '2019-03-24 10:56:50', '2019-03-24 10:56:50', '2020-03-24 17:56:50'),
('7d27f30a3264492aa36b3f737379d374beabdb57ff25674251e9ae9126c284d5532d730ef6cc5bf8', 1, 1, 'MyApp', '[]', 0, '2019-03-19 22:41:10', '2019-03-19 22:41:10', '2020-03-20 05:41:10'),
('7e2b541b4baaf4d74091eade863dbd11304f93eb33d5498816504ccc30d55e1773111ceada9cfa73', 1, 1, 'MyApp', '[]', 0, '2019-03-22 05:04:08', '2019-03-22 05:04:08', '2020-03-22 12:04:08'),
('81208f958f30de438ff9e3d59c66c6b848827cbea101fda6149e7891fc0d078e952b3ea31cd5dbb0', 2, 1, 'MyApp', '[]', 0, '2019-02-11 02:37:44', '2019-02-11 02:37:44', '2020-02-11 09:37:44'),
('81c277a86ec29994584a353a164e5b4e99055dd297ffb031d35a84ff55622dd72036cdbdd0a8a2af', 22, 1, 'MyApp', '[]', 0, '2019-03-23 17:40:57', '2019-03-23 17:40:57', '2020-03-24 00:40:57'),
('81e2b281301a236c00d202666c3e8cbcf8f6fd702a0098d10a7920042246bd2d6249ac5c74ab73c9', 3, 1, 'MyApp', '[]', 0, '2019-03-22 05:04:30', '2019-03-22 05:04:30', '2020-03-22 12:04:30'),
('822fe83976ab1d1f466a3ff64253f572c1a57f465c32a5cc32da3f99e30eb3fcd6e2269991a44f69', 3, 1, 'MyApp', '[]', 0, '2019-03-18 21:35:10', '2019-03-18 21:35:10', '2020-03-19 04:35:10'),
('854499136709eb619d09deffe56c3366f695467b8c44da1ff04d155bef86e15ef6d85a90b52063d5', 2, 1, 'MyApp', '[]', 0, '2019-02-08 23:19:28', '2019-02-08 23:19:28', '2020-02-09 06:19:28'),
('870dc0d14df9eae1915b6839a09acd5d450d8aac52f562dc5723a4d777c70ee071baabdec601fda8', 1, 1, 'MyApp', '[]', 0, '2019-03-19 04:59:50', '2019-03-19 04:59:50', '2020-03-19 11:59:50'),
('87f51df0cc7f6a423b9ea78961857d08363b17e5a8793fa110bce5774ce686c5fe8e9c6727f2103a', 1, 1, 'MyApp', '[]', 0, '2019-03-20 10:35:18', '2019-03-20 10:35:18', '2020-03-20 17:35:18'),
('88045ff66c3af5e7e3666246f26dd0c78e6717837f4252d75a243c4afc4abaf4eb37fd726c9b5374', 2, 1, 'MyApp', '[]', 0, '2019-03-20 05:05:57', '2019-03-20 05:05:57', '2020-03-20 12:05:57'),
('88fbc03cb4afc61b9f5b599c20ecd2c820fe83c584919403ad1e82402ac122559a785e02e8a45785', 25, 1, 'MyApp', '[]', 0, '2019-03-23 04:00:22', '2019-03-23 04:00:22', '2020-03-23 11:00:22'),
('894c93767089fd769c1797bfc41fe3ceb8e3214008b13226cf99e40e33bb857f6af6f91ec9736372', 2, 1, 'MyApp', '[]', 0, '2019-03-20 20:17:54', '2019-03-20 20:17:54', '2020-03-21 03:17:54'),
('89bf29e5ed7fdcf2bc0ccf51dde04253345993a054ca1e4c5884cce7358383317bfc192c6ef6ed15', 2, 1, 'MyApp', '[]', 0, '2019-03-23 05:33:24', '2019-03-23 05:33:24', '2020-03-23 12:33:24'),
('89c36aa7de742088598f5933ee46485eccac59eabe05a6c17e8920b0f5a42420317d4bfa2fc687de', 1, 1, 'MyApp', '[]', 0, '2019-03-20 01:34:01', '2019-03-20 01:34:01', '2020-03-20 08:34:01'),
('8a4ed4483fc4b75a858399a0b4be4a20d471e073867df500bf5a9fe9fad2720aa666e03480fdc886', 1, 1, 'MyApp', '[]', 0, '2019-03-03 15:57:12', '2019-03-03 15:57:12', '2020-03-03 22:57:12'),
('8bfa54c17db1df06750d9557a0413fce2530873dc9c269764829a49950fed2026813566ab228aadb', 1, 1, 'MyApp', '[]', 0, '2019-03-18 00:51:14', '2019-03-18 00:51:14', '2020-03-18 07:51:14'),
('8c1d60c2de264a007b7bd41568bfb1df770e4fff0bcf3f343402f28cd6a478faab36668d2c05f7cf', 2, 1, 'MyApp', '[]', 0, '2019-03-04 19:41:47', '2019-03-04 19:41:47', '2020-03-05 02:41:47'),
('8caf1adee8fa8da80bb58de2be0a3ed6499a197ac4e8de58bc54a40ffc07a4b46f78e2ce7a29a288', 2, 1, 'MyApp', '[]', 0, '2019-03-19 19:02:10', '2019-03-19 19:02:10', '2020-03-20 02:02:10'),
('8db3d87ed9162af5351484d69cf6f52d73a70bf7cae3b4f19246904b890dd4e0390b538c86932cc9', 1, 1, 'MyApp', '[]', 0, '2019-03-24 07:52:50', '2019-03-24 07:52:50', '2020-03-24 14:52:50'),
('8ea1e935bc97250de64f19507e7e69e34f46843350c18e35f9685625f63aa84001837d62f99d67c9', 3, 1, 'MyApp', '[]', 0, '2019-01-28 15:08:06', '2019-01-28 15:08:06', '2020-01-28 22:08:06'),
('8f24488099d8565d3b5328a89503452b4a0cc323c77bebc729ac626d4cdd9e7830888953aa42d980', 13, 1, 'MyApp', '[]', 0, '2019-03-13 23:16:01', '2019-03-13 23:16:01', '2020-03-14 06:16:01'),
('91cef595632574e1a8fbcfde4b1a150dca04de20a2afb0a652f6079252ceebcf5e58a09823264b14', 1, 1, 'MyApp', '[]', 0, '2019-03-17 22:33:46', '2019-03-17 22:33:46', '2020-03-18 05:33:46'),
('92d4bd8359c5e65f1d19e0678e18aeda91c2c479a433b5c27c087da0b49bd78dc0414e2360ef38b8', 15, 1, 'MyApp', '[]', 0, '2019-03-05 15:53:18', '2019-03-05 15:53:18', '2020-03-05 22:53:18'),
('93cbe06de1d6d375729ec6a98fea931c3a9a6f1881f68cde5cc6919054d1e5c0bfc08e76707ae203', 1, 1, 'MyApp', '[]', 0, '2019-01-24 18:15:06', '2019-01-24 18:15:06', '2020-01-25 01:15:06'),
('93f73e7465c5c018840dd408cfb52ddb83c32047fb899be68ba783404f72a407a9ac685e9b36babd', 2, 1, 'MyApp', '[]', 0, '2019-03-20 01:42:00', '2019-03-20 01:42:00', '2020-03-20 08:42:00'),
('95d3ae45dd24fb31b1dde65e93a9c8b683e03bc031558a139f8f5f356ec0dc51ca0c389ced47a8b6', 2, 1, 'MyApp', '[]', 0, '2019-03-07 23:31:17', '2019-03-07 23:31:17', '2020-03-08 06:31:17'),
('95d4695cae2567d00c241873116eec9fef980b79d185bee17503e07c728a2e27b16f70058f06c1eb', 1, 1, 'MyApp', '[]', 0, '2019-03-15 17:41:13', '2019-03-15 17:41:13', '2020-03-16 00:41:13'),
('97e5e59c1d63e748deabce0d4b04d7c6ce84b5af396f5a44861e325f19035f514b264918a07d845b', 2, 1, 'MyApp', '[]', 0, '2019-01-24 18:53:35', '2019-01-24 18:53:35', '2020-01-25 01:53:35'),
('982a197d557eeea59d3a1965676b78c38aed87a75e671069c0525e231844aa55e3e27786fa528ba0', 3, 1, 'MyApp', '[]', 0, '2019-03-23 03:23:39', '2019-03-23 03:23:39', '2020-03-23 10:23:39'),
('98965359e30e9b6a273c23601d13f18d9f650145b0c83afaf092d27938c0af57b231f731aeefbee1', 1, 1, 'MyApp', '[]', 0, '2019-03-22 04:38:37', '2019-03-22 04:38:37', '2020-03-22 11:38:37'),
('99485f9f064a09e0153a609dacdeca6c5ef31cce994ab088e2f5cce9869646bab980c86127bdc1a6', 1, 1, 'MyApp', '[]', 0, '2019-03-17 22:17:23', '2019-03-17 22:17:23', '2020-03-18 05:17:23'),
('99b6a543002f36fd9c2c92bf93c6774a0a40546a1b2e25457f70b78b27a1a0c7e3c9ac4b8920b5c5', 1, 1, 'MyApp', '[]', 0, '2019-03-24 02:19:35', '2019-03-24 02:19:35', '2020-03-24 09:19:35'),
('9be371aea5f3b83738d6be112f6c59bf7c3de9109387a8e3bf8a2c3ec88536acf0c3ccb2122f5915', 3, 1, 'MyApp', '[]', 0, '2019-03-18 23:21:28', '2019-03-18 23:21:28', '2020-03-19 06:21:28'),
('9e08c18a22865771e58f153087bd2673d8b463b9f5bfcd135f227c8ae05591c158c16931e46f9658', 1, 1, 'MyApp', '[]', 0, '2019-03-19 22:57:59', '2019-03-19 22:57:59', '2020-03-20 05:57:59'),
('9e0d00352b64f320ac1931d899d843ea59652c43a02a94ec5650c992913a6522b0fbb12ab8a658c4', 2, 1, 'MyApp', '[]', 0, '2019-03-03 16:26:45', '2019-03-03 16:26:45', '2020-03-03 23:26:45'),
('9e4e396822cf94d1da084f3f15e73c0d109754c99fe831ee0fa60c0069059e6103752bb7b86613a8', 2, 1, 'MyApp', '[]', 0, '2019-03-20 04:56:58', '2019-03-20 04:56:58', '2020-03-20 11:56:58'),
('9ef4b6e218f1f08b4b38fe7998704e95c40e0de700971df8487a7a5e761f008ed7354aa540091e9c', 2, 1, 'MyApp', '[]', 0, '2019-03-03 16:35:04', '2019-03-03 16:35:04', '2020-03-03 23:35:04'),
('a012680049b3a019e1a63aae13b655a8225fcdb44c6ec2b29d111ce30487d3fd944ad0ca15809acd', 1, 1, 'MyApp', '[]', 0, '2019-03-16 02:55:55', '2019-03-16 02:55:55', '2020-03-16 09:55:55'),
('a17d529b385723d83284e3c8fdf63bdfdb5496ddb612174f6d18f451519bbd14ee849f377dd22aa6', 1, 1, 'MyApp', '[]', 0, '2019-03-15 16:52:14', '2019-03-15 16:52:14', '2020-03-15 23:52:14'),
('a24d61688913f053a1953c5d7928d8ac197e353e03c764051ea17a73b5bd720d6431ecfacba5c899', 26, 1, 'MyApp', '[]', 0, '2019-03-23 04:15:58', '2019-03-23 04:15:58', '2020-03-23 11:15:58'),
('a4edae4f52f8fdd082d0bca1154e22be5a5a7629290a6c19a7b98960ccc0be569a67b36c659c24f3', 1, 1, 'MyApp', '[]', 0, '2019-03-23 03:52:21', '2019-03-23 03:52:21', '2020-03-23 10:52:21'),
('a576c49ba40d1da78f8f4eae0893995958adb01bfd947ee63607eb3f1b4cac8047225946afb40ed3', 1, 1, 'MyApp', '[]', 0, '2019-03-20 01:33:40', '2019-03-20 01:33:40', '2020-03-20 08:33:40'),
('a7f3e4130a0bab297adecf6a8356d941dcc00f9664224d031aea0eeb22e4cb4ccc3b86a8e89897d0', 15, 1, 'MyApp', '[]', 0, '2019-03-16 08:38:18', '2019-03-16 08:38:18', '2020-03-16 15:38:18'),
('a80fc188777b1725919f9b69559b80dd21d4dcc709c69cc11381971a41a0302bdab04aa4b994275b', 1, 1, 'MyApp', '[]', 0, '2019-03-19 05:59:29', '2019-03-19 05:59:29', '2020-03-19 12:59:29'),
('a82ef3309c99d2f66af21faad4baaab4d14c0ed0d8729d919d30ef679af7b44dd0bec25161795fbf', 1, 1, 'MyApp', '[]', 0, '2019-03-20 06:44:46', '2019-03-20 06:44:46', '2020-03-20 13:44:46'),
('a92e0abd865b4528aca3b86a868ff748921abe38ca5315829f13287a0ee192675414e502305a246e', 1, 1, 'MyApp', '[]', 0, '2019-03-19 06:39:40', '2019-03-19 06:39:40', '2020-03-19 13:39:40'),
('a994f4f22372b45b9b49bc360bc9b8683fc6b76a5325a4477c98f3880cbc04d70e63954eb82ed01b', 1, 1, 'MyApp', '[]', 0, '2019-03-16 03:37:42', '2019-03-16 03:37:42', '2020-03-16 10:37:42'),
('aba24c84900072345ab704bd78519be472251a3bccc57cf9a6f073addb35513f85f10594e91bc7fa', 2, 1, 'MyApp', '[]', 0, '2019-03-21 00:26:55', '2019-03-21 00:26:55', '2020-03-21 07:26:55'),
('ad962103ae789499df44728c996c2b5f4d2239ce6c90836e980dadd237f598609aec50456b3de82b', 3, 1, 'MyApp', '[]', 0, '2019-03-20 17:09:11', '2019-03-20 17:09:11', '2020-03-21 00:09:11'),
('aeaf3f9ae3c9d39685082b1f6f6339d95f7ba577347d6ff7aa7bbdfb952475d483e218599ee0562e', 18, 1, 'MyApp', '[]', 0, '2019-03-19 00:01:28', '2019-03-19 00:01:28', '2020-03-19 07:01:28'),
('b0723bc2cd8eb26c06d2ac40dd02def94b3f9aa3303ea57db33df4cdd26a2e93847195ffeff77ff5', 1, 1, 'MyApp', '[]', 0, '2019-01-24 18:14:26', '2019-01-24 18:14:26', '2020-01-25 01:14:26'),
('b0a6254e6e5c91e3cfd7d9d9ed47521fe07755cfbdc0a9df0be870640e4462760c00ec743092f660', 2, 1, 'MyApp', '[]', 0, '2019-02-08 23:21:21', '2019-02-08 23:21:21', '2020-02-09 06:21:21'),
('b0d8fea811b9aeb4fd2b2200f396de3b1226ff955f720a4bf0672830244bd5f551e63541442fdc66', 1, 1, 'MyApp', '[]', 0, '2019-03-17 22:02:49', '2019-03-17 22:02:49', '2020-03-18 05:02:49'),
('b1b85e77e0192e4a702e8ec5ed44291dbc8b756c56792e09765dbb67e3698352712bc766631990a4', 2, 1, 'MyApp', '[]', 0, '2019-03-20 19:00:51', '2019-03-20 19:00:51', '2020-03-21 02:00:51'),
('b1e24b57a95bfe62d545d2d6831f02715bd859c2e85149eafe0d10bd492ecf3a74b99cb9e836c7b1', 1, 1, 'MyApp', '[]', 0, '2019-03-20 07:32:35', '2019-03-20 07:32:35', '2020-03-20 14:32:35'),
('b1fa7baa3c8be1cd5f8d6be36448d96753e292ecc0b30a8910409cd0fe58d23d24ace39af40f412a', 3, 1, 'MyApp', '[]', 0, '2019-02-22 23:37:26', '2019-02-22 23:37:26', '2020-02-23 06:37:26'),
('b2abbf2e36e99f1f2acd5f875730140d7f9004359580c33fcf9f06fa70a3bf4213420fceaf60c649', 2, 1, 'MyApp', '[]', 0, '2019-03-19 20:11:44', '2019-03-19 20:11:44', '2020-03-20 03:11:44'),
('b339858cd96a5b2f6fd647cf4dee844334fc742761ff4b4b049a27187ca55dd173fc51222a65baa8', 3, 1, 'MyApp', '[]', 0, '2019-03-20 21:37:44', '2019-03-20 21:37:44', '2020-03-21 04:37:44'),
('b480293a4c0662c0324f7344fad755acad210eb22f301684123d18460d2c3037092cbb0484dde370', 22, 1, 'MyApp', '[]', 0, '2019-03-23 17:26:48', '2019-03-23 17:26:48', '2020-03-24 00:26:48'),
('badbf80ad9d138f689beed124c20e6a408be6b4d8c15a99e276730c0344d34915a083a8aad7b8ba2', 1, 1, 'MyApp', '[]', 0, '2019-02-03 06:54:26', '2019-02-03 06:54:26', '2020-02-03 13:54:26'),
('bb4dcff1cf8bda3a2d2121be4bc3bb1c97fdbd473e34a23801642f6d774eeed00f39248343e01ebb', 1, 1, 'MyApp', '[]', 0, '2019-03-23 04:00:56', '2019-03-23 04:00:56', '2020-03-23 11:00:56'),
('bb68c42af13d5f571d0a35101067d1872ab2e4d087fc3ad96a15bcc043c724d4d423a050b0ff3827', 3, 1, 'MyApp', '[]', 0, '2019-03-19 20:35:21', '2019-03-19 20:35:21', '2020-03-20 03:35:21'),
('bbb3813153ecd033ca8026f39d4ab7955fb8134b397466895d385afbfff915d637ae59bcc5dd48d2', 1, 1, 'MyApp', '[]', 0, '2019-03-22 00:32:37', '2019-03-22 00:32:37', '2020-03-22 07:32:37'),
('bbbc851c30d3483aea892cbdc973596dadd8fbc74f4f6672a9806d2c295d61ef7f4e39a7f2b88ca1', 29, 1, 'MyApp', '[]', 0, '2019-03-23 18:17:45', '2019-03-23 18:17:45', '2020-03-24 01:17:45'),
('bc6b61edc305d4e7413dd5716e2fb61f6152b9bef4cfe0ed1106228340e4624681a5b551435c11dd', 16, 1, 'MyApp', '[]', 0, '2019-03-18 04:52:04', '2019-03-18 04:52:04', '2020-03-18 11:52:04'),
('bd5bb1fe1086405e3f02f1112da1cf34670affc3630770702e86906d12cd229eb00655b75dc497dc', 1, 1, 'MyApp', '[]', 0, '2019-03-15 16:18:53', '2019-03-15 16:18:53', '2020-03-15 23:18:53'),
('bda6f7ba987225994468cb26d8956697cc9afa9114f3691250d4e4a752cc225e8d3421aa264983f6', 13, 1, 'MyApp', '[]', 0, '2019-02-28 20:49:53', '2019-02-28 20:49:53', '2020-03-01 03:49:53'),
('bda8ca36f0b3f0bb507e1da1030e33d5db4246bd14e216398a31f117a47234542eca323b40c141c1', 1, 1, 'MyApp', '[]', 0, '2019-01-24 18:36:41', '2019-01-24 18:36:41', '2020-01-25 01:36:41'),
('be576e2a0f3f7b27fc92666c581041e53a3320ba8a86d2c4ddef32ae4aa4638b69ccb2bcb14396d2', 3, 1, 'MyApp', '[]', 0, '2019-03-20 06:46:53', '2019-03-20 06:46:53', '2020-03-20 13:46:53'),
('bebeee36427a6449bcc2bf9de60c72006cca356101b0f65cba1edf07894d6a1c05ce41996a91d013', 18, 1, 'MyApp', '[]', 0, '2019-03-19 21:27:10', '2019-03-19 21:27:10', '2020-03-20 04:27:10'),
('bf0de194f11f0d785538e7813ee09f44b9cd88d2c645660339ee55953ca73cb74bc823c1b08cb580', 3, 1, 'MyApp', '[]', 0, '2019-02-22 15:07:12', '2019-02-22 15:07:12', '2020-02-22 22:07:12'),
('bf2d538088ead9e3f219d11159381c6beed1877fba645098310d3b826a6136cfc1c8be8cfa9301e6', 2, 1, 'MyApp', '[]', 0, '2019-03-20 04:56:21', '2019-03-20 04:56:21', '2020-03-20 11:56:21'),
('bf651317a209e939fb32a0ee13a65d58ccc87b5504d8b6239f36562a0aebcac88e54e0ddcb21798b', 3, 1, 'MyApp', '[]', 0, '2019-03-18 22:47:21', '2019-03-18 22:47:21', '2020-03-19 05:47:21'),
('c03317a3f56c9927def72c6df87eaf843cee9283e7a71f76add8b372f63ada4621c924a04f0abd86', 2, 1, 'MyApp', '[]', 0, '2019-03-21 02:19:51', '2019-03-21 02:19:51', '2020-03-21 09:19:51'),
('c1da91f5cef700a33ec4b2d9d8301db7f8f1c704c82f0db3969f428cd88bdc851968708bf532a021', 1, 1, 'MyApp', '[]', 0, '2019-03-16 18:15:22', '2019-03-16 18:15:22', '2020-03-17 01:15:22'),
('c374e8c4441f5e84236e726772921ba64d85bf4d1bc8c98cc905b46e959d46e873948d7abe39864b', 2, 1, 'MyApp', '[]', 0, '2019-03-19 20:15:07', '2019-03-19 20:15:07', '2020-03-20 03:15:07'),
('c474db85f21db2f61a3949cf6a6949c123d2c2d5b3d4767560d3a4d6a913b80222d7089e318eba22', 1, 1, 'MyApp', '[]', 0, '2019-03-15 08:13:16', '2019-03-15 08:13:16', '2020-03-15 15:13:16'),
('c4dcf4337cfccc1bff93fc6561778b16c6a6078421238a8b456eae3f249f67419f89be4e3d0db8fd', 1, 1, 'MyApp', '[]', 0, '2019-03-19 20:06:24', '2019-03-19 20:06:24', '2020-03-20 03:06:24'),
('c4e20e36da2d044763bd4fd1daf7e22f2ce282cc2bd389f9e8ff602be3b2d8c4a8abfd906abc8a46', 2, 1, 'MyApp', '[]', 0, '2019-03-20 01:43:26', '2019-03-20 01:43:26', '2020-03-20 08:43:26'),
('c5761812619a9134b626a52176748eb7e870a3693c258715558b98e2d4b2594a4035c420fe40823d', 2, 1, 'MyApp', '[]', 0, '2019-03-16 23:05:29', '2019-03-16 23:05:29', '2020-03-17 06:05:29'),
('c73939734021fd992e69935d3d283603a9660839ea271442c1a78242d8dc6b1cccdb019692724ee0', 3, 1, 'MyApp', '[]', 0, '2019-03-19 07:21:36', '2019-03-19 07:21:36', '2020-03-19 14:21:36'),
('c78382c3f809ccf8fc93a45641a2ef966aabe0e176e459b4acfd19943cb45cb173618b827184aa64', 11, 1, 'MyApp', '[]', 0, '2019-02-28 18:24:37', '2019-02-28 18:24:37', '2020-03-01 01:24:37'),
('c7ab200bad2669ed5ca671442738c449b4b88b7bc5a9757b3c4c657c28949b7147327a9f497571f9', 22, 1, 'MyApp', '[]', 0, '2019-03-24 03:59:07', '2019-03-24 03:59:07', '2020-03-24 10:59:07'),
('c7bb0766bee3e9fc66c450631968a97f5f35d0c2a885c40afaf78562b497d85641115a305838ebb2', 2, 1, 'MyApp', '[]', 0, '2019-03-12 03:46:59', '2019-03-12 03:46:59', '2020-03-12 10:46:59'),
('c8da469014fb0d05339991ce18adf19f4d8bd3081561383b8558a726fa02e9036916c7ecabc49a0d', 1, 1, 'MyApp', '[]', 0, '2019-03-16 02:47:47', '2019-03-16 02:47:47', '2020-03-16 09:47:47'),
('c924457b45a6cb6bbd4a780fac9c758f3836e3530bd8bc790925061c640e02f1e18b968a38043fe7', 1, 1, 'MyApp', '[]', 0, '2019-02-07 03:59:17', '2019-02-07 03:59:17', '2020-02-07 10:59:17'),
('c9998886a4db09043bc422f3f27fcb3ee9e3934450965f2050ea93cec1e5cd9226e6b22ec334c3f7', 14, 1, 'MyApp', '[]', 0, '2019-03-17 22:30:36', '2019-03-17 22:30:36', '2020-03-18 05:30:36'),
('c9ca7cd094b62a8351ed9316c234454e78938a6aa30ed8c94fcea4c53c39906cc18d5751e2f71b6b', 1, 1, 'MyApp', '[]', 0, '2019-03-16 03:16:39', '2019-03-16 03:16:39', '2020-03-16 10:16:39'),
('cb9e2bc845969d011b68740adc8b5093c5a1018fc8e33b39399d559be12e4f6995b2b6b759540c5f', 1, 1, 'MyApp', '[]', 0, '2019-02-07 04:25:35', '2019-02-07 04:25:35', '2020-02-07 11:25:35'),
('cbef6816a9903309cfeb42ddf572070bfff5251c201727f9371919c960d464b2ca9c49fa5bbf12fc', 14, 1, 'MyApp', '[]', 0, '2019-03-10 11:04:01', '2019-03-10 11:04:01', '2020-03-10 18:04:01'),
('cc23b1a1698663c22a6122332b3ab417a22d6fbe72acb007213727e4783f7581aa377d48697ce54c', 1, 1, 'MyApp', '[]', 0, '2019-02-03 06:03:53', '2019-02-03 06:03:53', '2020-02-03 13:03:53'),
('cc44a331cf638b0be1a964a2a9c5270d9dd6463ca8619eb8db2b4c7d5efbea4136930e45b3a0c0cc', 2, 1, 'MyApp', '[]', 0, '2019-03-20 20:10:48', '2019-03-20 20:10:48', '2020-03-21 03:10:48'),
('cc8f26ee2b6378832583ec5df48c918f61b7d82725f26c2a6178d9355c5c8758b9978059618aa58d', 2, 1, 'MyApp', '[]', 0, '2019-02-08 23:28:07', '2019-02-08 23:28:07', '2020-02-09 06:28:07'),
('cd972e46704656b9c47d3dec894afe4c515db6b454bd4a53cf4b574df538142ca336cb43630a984b', 22, 1, 'MyApp', '[]', 0, '2019-03-19 22:51:46', '2019-03-19 22:51:46', '2020-03-20 05:51:46'),
('ce9444f11daa9a9a9158e231d9cafa9f0b8473a43ef9bd3313941ccd7614bf0a7ede0363b98b74e7', 15, 1, 'MyApp', '[]', 0, '2019-03-16 08:32:28', '2019-03-16 08:32:28', '2020-03-16 15:32:28'),
('cf9aa932899ffca01c554dcb1f64090fbe6b94e18b935a751b2f9290f0c9bc73978604f2599e9b73', 1, 1, 'MyApp', '[]', 0, '2019-03-15 08:13:16', '2019-03-15 08:13:16', '2020-03-15 15:13:16'),
('d03c7fc604137091864ac73b08196577b6d0437945bf5798855c2546aa230a1b8d7b6c046f710dba', 24, 1, 'MyApp', '[]', 0, '2019-03-23 03:50:50', '2019-03-23 03:50:50', '2020-03-23 10:50:50'),
('d085af0206bad1699cbf6d24859b84b128b0610e724b2b5843778b581667bedcdfa7f27f8a388aaf', 1, 1, 'MyApp', '[]', 0, '2019-02-21 21:42:30', '2019-02-21 21:42:30', '2020-02-22 04:42:30'),
('d17b60d9204ff3e0d9bf993bdd4e22ce2d6d18409db493afa5164010f592bace0555f6bbe51bb01a', 1, 1, 'MyApp', '[]', 0, '2019-03-23 18:15:02', '2019-03-23 18:15:02', '2020-03-24 01:15:02'),
('d182143261830bfb83cec8c42f602c7fa7d5975abd00cad5d1078656e40ab7c3dc829dabf561292c', 2, 1, 'MyApp', '[]', 0, '2019-01-24 18:33:31', '2019-01-24 18:33:31', '2020-01-25 01:33:31'),
('d1823bb0ce4924ace39c89c71aed56cf2af3bc2497b0415d575c803c74edb464e64ff54dd2d02e26', 1, 1, 'MyApp', '[]', 0, '2019-03-20 05:05:43', '2019-03-20 05:05:43', '2020-03-20 12:05:43'),
('d1c763ebc79de3a1bd9d3c9eef9c2c15a8db727a50aa5f394c56edbbd9c6fa959d2da3df52cbd998', 2, 1, 'MyApp', '[]', 0, '2019-03-16 17:58:06', '2019-03-16 17:58:06', '2020-03-17 00:58:06'),
('d1fba699935e2ccf8d3c5452104873477563050181d10bd5bc7967b0dcbd341f63f7fe7869d77071', 2, 1, 'MyApp', '[]', 0, '2019-03-06 18:17:13', '2019-03-06 18:17:13', '2020-03-07 01:17:13'),
('d4b9616e8a94a7928d1c5f9a5a9556c65f7385bdf91d2e0e2a83a1548234c31a3e14e40f327451aa', 1, 1, 'MyApp', '[]', 0, '2019-03-04 19:42:19', '2019-03-04 19:42:19', '2020-03-05 02:42:19'),
('d54d665ce28e516d4bea6fe0bd69b34807289c704b58fcc0c621d05d65310ff71beabf0c4688d2da', 15, 1, 'MyApp', '[]', 0, '2019-03-18 23:09:47', '2019-03-18 23:09:47', '2020-03-19 06:09:47'),
('d55f964d942315e11c47d1735b623a3ed75d9a989851566c73f0ff8d98a400cc8b4e9c1dc2802a48', 14, 1, 'MyApp', '[]', 0, '2019-02-28 23:01:19', '2019-02-28 23:01:19', '2020-03-01 06:01:19'),
('db7a7cc5298e0da9becce979a62d9477881d1ea4cff4497e9d6d12e2b368eb43fb9ad00cadab9d0f', 15, 1, 'MyApp', '[]', 0, '2019-03-19 13:00:29', '2019-03-19 13:00:29', '2020-03-19 20:00:29');
INSERT INTO `oauth_access_tokens` (`id`, `user_id`, `client_id`, `name`, `scopes`, `revoked`, `created_at`, `updated_at`, `expires_at`) VALUES
('dba51e4002de6ef41cc5e10c63d76b826f459974c86f0906ff8b406f809570031275f02f684475c1', 2, 1, 'MyApp', '[]', 0, '2019-03-20 01:49:03', '2019-03-20 01:49:03', '2020-03-20 08:49:03'),
('dce018366e871a7e6352ef4f101eceacc6b905f5dfb1a0b09f19057d55b5d57e0e9011cedccfa9c2', 3, 1, 'MyApp', '[]', 0, '2019-02-10 23:33:56', '2019-02-10 23:33:56', '2020-02-11 06:33:56'),
('de31e11982f482d6674bfe16bad6b9b324c81ecf8130db1a3912bfac6081ecee45d36376c2f0c8fe', 1, 1, 'MyApp', '[]', 0, '2019-03-18 21:38:59', '2019-03-18 21:38:59', '2020-03-19 04:38:59'),
('de66eb1c900aa24f58b678f18634804963134e114e8bc7a4eef206c01e43fd7a14083667eaff4459', 2, 1, 'MyApp', '[]', 0, '2019-02-11 02:37:05', '2019-02-11 02:37:05', '2020-02-11 09:37:05'),
('df10e5705be661de01ab83fa224f6ba9ed07913998089a0d4ede13f46c08739fd6fb86714764d327', 1, 1, 'MyApp', '[]', 0, '2019-03-07 20:38:52', '2019-03-07 20:38:52', '2020-03-08 03:38:52'),
('df596a0963c4c48ad745d9878b2be49f7bcd9f5325d787fefeca9600cbdd23f41b996c6093973dfc', 9, 1, 'MyApp', '[]', 0, '2019-03-19 05:34:45', '2019-03-19 05:34:45', '2020-03-19 12:34:45'),
('df6af8881f6d3bdc924c5748ac51e3332a014c2434322d886f275eafc9aeb191a2c479da63bbc519', 18, 1, 'MyApp', '[]', 0, '2019-03-19 23:30:57', '2019-03-19 23:30:57', '2020-03-20 06:30:57'),
('e0cfb3aa7f3102d2bdb816ec4675f678d81aab49df00c801cdec0df40da21a5c56924828131166ae', 3, 1, 'MyApp', '[]', 0, '2019-03-23 03:24:46', '2019-03-23 03:24:46', '2020-03-23 10:24:46'),
('e0eda42ce16b5ffaf0bbb928ed09d37a212393a39c703d22142a24f49450382b24a85a0cd3163f88', 1, 1, 'MyApp', '[]', 0, '2019-02-03 15:24:04', '2019-02-03 15:24:04', '2020-02-03 22:24:04'),
('e195af29372b8e7e453c5bf44e8ef11012bfa4b4d2d829152db5ccc449cc7656bcdec671141eda35', 2, 1, 'MyApp', '[]', 0, '2019-03-18 11:48:00', '2019-03-18 11:48:00', '2020-03-18 18:48:00'),
('e259ae712aed63dcefeea5b9dd11a60e0391047af9ec6520f7325cd43d509f71d6468201c4072102', 2, 1, 'MyApp', '[]', 0, '2019-03-16 11:31:25', '2019-03-16 11:31:25', '2020-03-16 18:31:25'),
('e3f8e2d6c96781ad4dee1fef2d90bcfaf4d63cad9234a91d615fc56c370601d11a1e290dcd6a688f', 3, 1, 'MyApp', '[]', 0, '2019-03-22 04:43:14', '2019-03-22 04:43:14', '2020-03-22 11:43:14'),
('e682b316f02be083a3c9d5df77d07f2ad99123dae53a3ef78c9751894f2ae245cac044c6a06099e9', 1, 1, 'MyApp', '[]', 0, '2019-02-03 07:42:27', '2019-02-03 07:42:27', '2020-02-03 14:42:27'),
('e8c1defe8c205b028d1c03d6bf75b6bd654a15b04e3aa882904d2545de9ee308dd1fee7c0da02156', 2, 1, 'MyApp', '[]', 0, '2019-03-10 11:14:29', '2019-03-10 11:14:29', '2020-03-10 18:14:29'),
('ec23acba56e137502d2f677c876691296644f30cb585c01e40488c4e9ddebee50c2ec90b73afb4ee', 18, 1, 'MyApp', '[]', 0, '2019-03-22 22:04:12', '2019-03-22 22:04:12', '2020-03-23 05:04:12'),
('ec4fb26ebaa85a9f551ba0e4cdd6a50bc94f54fb8b4dfe9e9af62ba081ca27879673b338d606ef81', 3, 1, 'MyApp', '[]', 0, '2019-02-07 04:47:23', '2019-02-07 04:47:23', '2020-02-07 11:47:23'),
('ecff4759545b6eacb5614219bfd14b2521df6e51a88c4aa7f87caaf8600c09efaf6a7b2fb4730c54', 1, 1, 'MyApp', '[]', 0, '2019-01-27 02:47:46', '2019-01-27 02:47:46', '2020-01-27 09:47:46'),
('ed8c7512a33c2bf32a1ad717d5f9c06e94db063a4f1de96784b5a0a9a78d7f0716842ebc6ef5ae0b', 18, 1, 'MyApp', '[]', 0, '2019-03-19 02:53:53', '2019-03-19 02:53:53', '2020-03-19 09:53:53'),
('edb2c3b253e861d3d84b3bd86e6be15b4401e80eace1cb0e080cd080651b999f5820bdc6c67eaa16', 4, 1, 'MyApp', '[]', 0, '2019-02-15 02:53:43', '2019-02-15 02:53:43', '2020-02-15 09:53:43'),
('eee5495f0f469dc621decf52a3eefb2dd8eeb5cb7466bdc1de9c1dcd5980c17b6988322b41a013e2', 2, 1, 'MyApp', '[]', 0, '2019-03-20 01:42:11', '2019-03-20 01:42:11', '2020-03-20 08:42:11'),
('eff671b46f33523e1c443a8c5333fbae38479c03f3d3abb4d41a7bdfaacd82a5ae2f853d8badddc8', 23, 1, 'MyApp', '[]', 0, '2019-03-21 00:22:28', '2019-03-21 00:22:28', '2020-03-21 07:22:28'),
('f04f7954de5f4b9cf2f8b8bc4021e55482cb5580d578b2c7f820aa54d160430dff5eb3e6b4dd293a', 2, 1, 'MyApp', '[]', 0, '2019-02-21 21:23:18', '2019-02-21 21:23:18', '2020-02-22 04:23:18'),
('f087eb6208c310c1df5364e54eebc9ff107828137e0d7bddbacaeccfa3ca9bc57971cb1b92317514', 1, 1, 'MyApp', '[]', 0, '2019-03-19 00:56:06', '2019-03-19 00:56:06', '2020-03-19 07:56:06'),
('f216603cda2871d6c8a468023c9e49ae78657c1fc7e7fb39d30a4d178b14331bc783399e71b87a89', 27, 1, 'MyApp', '[]', 0, '2019-03-23 06:54:45', '2019-03-23 06:54:45', '2020-03-23 13:54:45'),
('f260698aed7f0c2c9047caed12a57bf073037e30b055a4fec3dedd36f01db41911da701733460c1b', 1, 1, 'MyApp', '[]', 0, '2019-03-15 19:36:27', '2019-03-15 19:36:27', '2020-03-16 02:36:27'),
('f4853d60d18045b917a3c8a9f60e2e796344ae6da45cadc9c451b9d43d308e4bc5470cc03756db74', 2, 1, 'MyApp', '[]', 0, '2019-03-17 02:35:31', '2019-03-17 02:35:31', '2020-03-17 09:35:31'),
('f4869537d3f53ca5a4e2109da035c05dabd2d4230b9514ed74fac2f4b3d8dd1afeda0e467ca5aae3', 3, 1, 'MyApp', '[]', 0, '2019-03-23 03:23:39', '2019-03-23 03:23:39', '2020-03-23 10:23:39'),
('f4f72d60e4d0f89eaeeed97bd095697923434588418a9d899b8b0c402aeda3a73c4f2219b6f667ad', 1, 1, 'MyApp', '[]', 0, '2019-03-23 06:00:50', '2019-03-23 06:00:50', '2020-03-23 13:00:50'),
('f623576690e2e99796e8456a8fe36ec415f7fabd3cde81ec1f8d9a696f767a92516f45c67d0c4804', 1, 1, 'MyApp', '[]', 0, '2019-03-21 06:04:39', '2019-03-21 06:04:39', '2020-03-21 13:04:39'),
('f9c4bd74eadf5fa89727a5b33947c98c8157dd12302e7d60f0fe35fff5d494f6aae05db75ea9046d', 3, 1, 'MyApp', '[]', 0, '2019-03-22 03:24:17', '2019-03-22 03:24:17', '2020-03-22 10:24:17'),
('fade1831d7c849dbecc54a6abe3392df2afd4fc48aeb97fd0dc26e580a26b60d8aeaa4551e69ff09', 3, 1, 'MyApp', '[]', 0, '2019-02-22 22:38:01', '2019-02-22 22:38:01', '2020-02-23 05:38:01'),
('faf7ae40c49fe6863d132ab49c00f4d5ed8bd8a5b824412e9b3efc5b16dd8bb570e6f20b126ffb09', 1, 1, 'MyApp', '[]', 0, '2019-03-18 03:13:23', '2019-03-18 03:13:23', '2020-03-18 10:13:23'),
('fbd72d8839c79d6690cf94eb790cdc24b968ec5583127c5efc65e98bf9ec82ed5eb342e60b8b0ffa', 3, 1, 'MyApp', '[]', 0, '2019-03-19 00:54:39', '2019-03-19 00:54:39', '2020-03-19 07:54:39'),
('fcdb2fb130f0762009b5ed8dae1dcf8b3a47156e6df602f910ccae3951bcb298d693db555ed76695', 1, 1, 'MyApp', '[]', 0, '2019-03-21 06:02:04', '2019-03-21 06:02:04', '2020-03-21 13:02:04'),
('fd9e7c38f68da86177b2a4c5b216339991ebf3103106fedca527565b396e9486a85e3925abfcdeb9', 1, 1, 'MyApp', '[]', 0, '2019-03-16 19:12:24', '2019-03-16 19:12:24', '2020-03-17 02:12:24'),
('fde72a2b6d49b8b564e3a0971668b348dc61e4928746eeca384582da0b7e6c0bd3c5b122928da997', 1, 1, 'MyApp', '[]', 0, '2019-03-24 03:28:14', '2019-03-24 03:28:14', '2020-03-24 10:28:14'),
('fe233e73ebcd76181e4c172be5d6eafab697a83fe865d7cb17d545b4a78183d84e1df206e5b5a762', 1, 1, 'MyApp', '[]', 0, '2019-03-19 21:45:03', '2019-03-19 21:45:03', '2020-03-20 04:45:03'),
('fe82242a26fcc28918dcb12ae24aeb612e063667b4873e37ae57419f1e157eecdc82354e51335041', 1, 1, 'MyApp', '[]', 0, '2019-03-12 04:13:22', '2019-03-12 04:13:22', '2020-03-12 11:13:22'),
('fec3faac25e8df1d790039069e511222bd2c4d1b949523d910febf7c60944b73c932ee39fbada0fd', 1, 1, 'MyApp', '[]', 0, '2019-03-19 07:17:40', '2019-03-19 07:17:40', '2020-03-19 14:17:40'),
('fecf49d04f692b61dde87469f2648faf51e4d9809be88e047ccf1ce45ffb44f010db27b8c411a33e', 2, 1, 'MyApp', '[]', 0, '2019-03-23 04:18:09', '2019-03-23 04:18:09', '2020-03-23 11:18:09');

-- --------------------------------------------------------

--
-- Table structure for table `oauth_auth_codes`
--

CREATE TABLE `oauth_auth_codes` (
  `id` varchar(100) COLLATE utf8mb4_unicode_ci NOT NULL,
  `user_id` int(11) NOT NULL,
  `client_id` int(11) NOT NULL,
  `scopes` text COLLATE utf8mb4_unicode_ci,
  `revoked` tinyint(1) NOT NULL,
  `expires_at` datetime DEFAULT NULL
) ENGINE=InnoDB DEFAULT CHARSET=utf8mb4 COLLATE=utf8mb4_unicode_ci;

-- --------------------------------------------------------

--
-- Table structure for table `oauth_clients`
--

CREATE TABLE `oauth_clients` (
  `id` int(10) UNSIGNED NOT NULL,
  `user_id` int(11) DEFAULT NULL,
  `name` varchar(191) COLLATE utf8mb4_unicode_ci NOT NULL,
  `secret` varchar(100) COLLATE utf8mb4_unicode_ci NOT NULL,
  `redirect` text COLLATE utf8mb4_unicode_ci NOT NULL,
  `personal_access_client` tinyint(1) NOT NULL,
  `password_client` tinyint(1) NOT NULL,
  `revoked` tinyint(1) NOT NULL,
  `created_at` timestamp NULL DEFAULT NULL,
  `updated_at` timestamp NULL DEFAULT NULL
) ENGINE=InnoDB DEFAULT CHARSET=utf8mb4 COLLATE=utf8mb4_unicode_ci;

--
-- Dumping data for table `oauth_clients`
--

INSERT INTO `oauth_clients` (`id`, `user_id`, `name`, `secret`, `redirect`, `personal_access_client`, `password_client`, `revoked`, `created_at`, `updated_at`) VALUES
(1, NULL, 'Laravel Personal Access Client', 'IZ7Wxcpm3dsOlhnpw9Q8cXgpOFRnTeQw3AUbCP6W', 'http://localhost', 1, 0, 0, '2019-01-24 17:45:57', '2019-01-24 17:45:57'),
(2, NULL, 'Laravel Password Grant Client', 'KoIOfuemnB33Z49GU3YZKTltTvlLQXtZkVMuk54W', 'http://localhost', 0, 1, 0, '2019-01-24 17:45:57', '2019-01-24 17:45:57');

-- --------------------------------------------------------

--
-- Table structure for table `oauth_personal_access_clients`
--

CREATE TABLE `oauth_personal_access_clients` (
  `id` int(10) UNSIGNED NOT NULL,
  `client_id` int(11) NOT NULL,
  `created_at` timestamp NULL DEFAULT NULL,
  `updated_at` timestamp NULL DEFAULT NULL
) ENGINE=InnoDB DEFAULT CHARSET=utf8mb4 COLLATE=utf8mb4_unicode_ci;

--
-- Dumping data for table `oauth_personal_access_clients`
--

INSERT INTO `oauth_personal_access_clients` (`id`, `client_id`, `created_at`, `updated_at`) VALUES
(1, 1, '2019-01-24 17:45:57', '2019-01-24 17:45:57');

-- --------------------------------------------------------

--
-- Table structure for table `oauth_refresh_tokens`
--

CREATE TABLE `oauth_refresh_tokens` (
  `id` varchar(100) COLLATE utf8mb4_unicode_ci NOT NULL,
  `access_token_id` varchar(100) COLLATE utf8mb4_unicode_ci NOT NULL,
  `revoked` tinyint(1) NOT NULL,
  `expires_at` datetime DEFAULT NULL
) ENGINE=InnoDB DEFAULT CHARSET=utf8mb4 COLLATE=utf8mb4_unicode_ci;

-- --------------------------------------------------------

--
-- Table structure for table `password_resets`
--

CREATE TABLE `password_resets` (
  `email` varchar(191) COLLATE utf8mb4_unicode_ci NOT NULL,
  `token` varchar(191) COLLATE utf8mb4_unicode_ci NOT NULL,
  `created_at` timestamp NULL DEFAULT NULL
) ENGINE=InnoDB DEFAULT CHARSET=utf8mb4 COLLATE=utf8mb4_unicode_ci;

-- --------------------------------------------------------

--
-- Table structure for table `statustasks`
--

CREATE TABLE `statustasks` (
  `id` int(10) UNSIGNED NOT NULL,
  `id_task` int(11) NOT NULL,
  `id_farm_manager` varchar(191) COLLATE utf8mb4_unicode_ci NOT NULL,
  `status` int(11) NOT NULL,
  `created_at` timestamp NULL DEFAULT NULL,
  `updated_at` timestamp NULL DEFAULT NULL
) ENGINE=InnoDB DEFAULT CHARSET=utf8mb4 COLLATE=utf8mb4_unicode_ci;

--
-- Dumping data for table `statustasks`
--

INSERT INTO `statustasks` (`id`, `id_task`, `id_farm_manager`, `status`, `created_at`, `updated_at`) VALUES
(1, 1, '2', 1, '2019-03-04 21:47:55', '2019-03-04 21:47:55'),
(2, 2, '2', 1, '2019-03-04 21:47:55', '2019-03-12 03:55:07'),
(3, 1, '15', 1, '2019-03-05 15:54:04', '2019-03-05 16:45:48'),
(4, 2, '15', 0, '2019-03-05 15:54:04', '2019-03-05 15:54:04'),
(7, 1, '13', 1, '2019-03-13 23:16:25', '2019-03-13 23:29:23'),
(8, 2, '13', 0, '2019-03-13 23:16:25', '2019-03-13 23:16:25'),
(9, 1, '1', 0, '2019-03-13 23:31:47', '2019-03-13 23:31:47'),
(10, 2, '1', 0, '2019-03-13 23:31:47', '2019-03-13 23:31:47'),
(11, 6, '2', 1, '2019-03-16 18:45:02', '2019-03-16 18:45:33'),
(12, 6, '15', 0, '2019-03-16 23:51:35', '2019-03-16 23:51:35'),
(13, 7, '2', 0, '2019-03-18 09:38:47', '2019-03-18 09:38:47'),
(14, 8, '2', 1, '2019-03-18 09:38:47', '2019-03-22 22:31:54'),
(15, 9, '2', 1, '2019-03-18 09:38:47', '2019-03-22 21:29:42'),
(16, 10, '2', 1, '2019-03-18 09:38:47', '2019-03-22 21:24:13'),
(17, 11, '2', 1, '2019-03-18 09:38:47', '2019-03-20 20:36:15'),
(18, 12, '2', 1, '2019-03-19 00:57:51', '2019-03-22 21:55:46'),
(19, 7, '15', 0, '2019-03-19 13:01:07', '2019-03-19 13:01:07'),
(20, 8, '15', 0, '2019-03-19 13:01:07', '2019-03-19 13:01:07'),
(21, 9, '15', 0, '2019-03-19 13:01:07', '2019-03-19 13:01:07'),
(22, 10, '15', 0, '2019-03-19 13:01:07', '2019-03-19 13:01:07'),
(23, 11, '15', 0, '2019-03-19 13:01:07', '2019-03-19 13:01:07'),
(24, 12, '15', 0, '2019-03-19 13:01:07', '2019-03-19 13:01:07'),
(25, 13, '2', 0, '2019-03-19 22:54:06', '2019-03-19 22:54:06'),
(26, 1, '18', 1, '2019-03-20 00:15:41', '2019-03-20 00:15:41'),
(27, 2, '18', 0, '2019-03-20 00:15:41', '2019-03-20 00:15:41'),
(28, 6, '18', 0, '2019-03-20 00:15:41', '2019-03-20 00:15:41'),
(29, 7, '18', 0, '2019-03-20 00:15:41', '2019-03-20 00:15:41'),
(30, 8, '18', 0, '2019-03-20 00:15:41', '2019-03-20 00:15:41'),
(31, 9, '18', 0, '2019-03-20 00:15:41', '2019-03-20 00:15:41'),
(32, 10, '18', 0, '2019-03-20 00:15:41', '2019-03-20 00:15:41'),
(33, 11, '18', 0, '2019-03-20 00:15:41', '2019-03-20 00:15:41'),
(34, 12, '18', 0, '2019-03-20 00:15:41', '2019-03-20 00:15:41'),
(35, 13, '18', 0, '2019-03-20 00:15:41', '2019-03-20 00:15:41'),
(36, 16, '18', 0, '2019-03-20 00:15:41', '2019-03-20 00:15:41'),
(37, 16, '2', 1, '2019-03-20 00:18:29', '2019-03-22 21:53:36'),
(38, 13, '15', 0, '2019-03-20 12:58:29', '2019-03-20 12:58:29'),
(39, 16, '15', 0, '2019-03-20 12:58:29', '2019-03-20 12:58:29'),
(40, 17, '15', 0, '2019-03-20 12:58:29', '2019-03-20 12:58:29'),
(41, 17, '2', 0, '2019-03-20 20:18:07', '2019-03-20 20:18:07'),
(42, 18, '2', 0, '2019-03-23 04:18:16', '2019-03-23 04:18:16'),
(43, 20, '2', 0, '2019-03-24 05:44:25', '2019-03-24 05:44:25'),
(44, 3, '2', 0, '2019-03-24 10:57:16', '2019-03-24 10:57:16');

-- --------------------------------------------------------

--
-- Table structure for table `task2s`
--

CREATE TABLE `task2s` (
  `id` int(10) UNSIGNED NOT NULL,
  `id_pemilik_lahan` int(11) NOT NULL,
  `title` varchar(191) COLLATE utf8mb4_unicode_ci NOT NULL,
  `description` varchar(191) COLLATE utf8mb4_unicode_ci NOT NULL,
  `start_date` varchar(191) COLLATE utf8mb4_unicode_ci NOT NULL,
  `end_date` varchar(191) COLLATE utf8mb4_unicode_ci NOT NULL,
  `created_at` timestamp NULL DEFAULT NULL,
  `updated_at` timestamp NULL DEFAULT NULL
) ENGINE=InnoDB DEFAULT CHARSET=utf8mb4 COLLATE=utf8mb4_unicode_ci;

--
-- Dumping data for table `task2s`
--

INSERT INTO `task2s` (`id`, `id_pemilik_lahan`, `title`, `description`, `start_date`, `end_date`, `created_at`, `updated_at`) VALUES
(1, 1, 'task1', 'string', '0', '0', '2019-03-24 10:53:54', '2019-03-24 10:54:55'),
(2, 1, 'job 2', 'hemm', '12-3-1017', '12-9-1008', '2019-03-24 10:54:10', '2019-03-24 10:54:10'),
(3, 1, 'job 3', 'hemm', '12-3-1017', '12-9-1008', '2019-03-24 10:54:16', '2019-03-24 10:54:16');

-- --------------------------------------------------------

--
-- Table structure for table `tasks`
--

CREATE TABLE `tasks` (
  `id` int(10) UNSIGNED NOT NULL,
  `id_pemilik_lahan` int(11) NOT NULL,
  `title` varchar(191) COLLATE utf8mb4_unicode_ci NOT NULL,
  `description` varchar(191) COLLATE utf8mb4_unicode_ci NOT NULL,
  `id_term` int(11) NOT NULL,
  `created_at` timestamp NULL DEFAULT NULL,
  `updated_at` timestamp NULL DEFAULT NULL
) ENGINE=InnoDB DEFAULT CHARSET=utf8mb4 COLLATE=utf8mb4_unicode_ci;

--
-- Dumping data for table `tasks`
--

INSERT INTO `tasks` (`id`, `id_pemilik_lahan`, `title`, `description`, `id_term`, `created_at`, `updated_at`) VALUES
(1, 1, 'nyangkul', 'ya nyangkul', 1, '2019-03-04 04:25:56', '2019-03-04 04:25:56'),
(2, 1, 'nyiram', 'ya nyiram', 1, NULL, NULL),
(6, 1, 'pagar ajir', 'blablblalblablalb', 1, NULL, NULL),
(7, 1, 'test', 'test', 1, NULL, NULL),
(8, 1, 'tueest', 'tueest', 1, NULL, NULL),
(9, 1, 'he', 'heehe', 1, NULL, NULL),
(10, 1, 'tutrrt', 'etets', 1, NULL, NULL),
(11, 1, 'eetete', 'erew', 1, NULL, NULL),
(12, 1, 'pemijahan', 'dilakukan ya', 3, '2019-03-19 00:57:26', '2019-03-19 00:57:26'),
(13, 1, 'mancing mania', 'dilaut', 10, '2019-03-19 22:48:33', '2019-03-19 22:48:33'),
(14, 22, 'adi', 'adi', 11, '2019-03-19 22:54:09', '2019-03-19 22:54:09'),
(16, 1, 'cabut akar', 'cabut akar', 1, '2019-03-20 00:12:26', '2019-03-20 00:12:26'),
(17, 1, 'goyang duyu', 'sambil nangis', 6, '2019-03-20 06:39:36', '2019-03-20 06:39:36'),
(18, 1, 'nanem', 'kopi', 14, '2019-03-23 04:06:36', '2019-03-23 04:06:36'),
(19, 22, 'ddddd', 'dddd', 11, '2019-03-23 09:15:31', '2019-03-23 09:15:31'),
(20, 1, 'penaman', 'dilakukan 2 x sehari', 15, '2019-03-24 02:38:42', '2019-03-24 02:38:42');

-- --------------------------------------------------------

--
-- Table structure for table `terms`
--

CREATE TABLE `terms` (
  `id` int(10) UNSIGNED NOT NULL,
  `id_pemilik_lahan` int(11) NOT NULL,
  `name` varchar(191) COLLATE utf8mb4_unicode_ci NOT NULL,
  `start_date` varchar(225) COLLATE utf8mb4_unicode_ci NOT NULL,
  `end_date` varchar(255) COLLATE utf8mb4_unicode_ci NOT NULL,
  `created_at` timestamp NULL DEFAULT NULL,
  `updated_at` timestamp NULL DEFAULT NULL
) ENGINE=InnoDB DEFAULT CHARSET=utf8mb4 COLLATE=utf8mb4_unicode_ci;

--
-- Dumping data for table `terms`
--

INSERT INTO `terms` (`id`, `id_pemilik_lahan`, `name`, `start_date`, `end_date`, `created_at`, `updated_at`) VALUES
(1, 1, 'Pembibitan', '2019-03-01 00:00:00', '2019-04-01 00:00:00', '2019-03-02 16:46:35', '2019-03-02 16:46:35'),
(2, 1, 'term2', '2019-03-05 00:00:00', '2019-03-06 00:00:00', '2019-03-03 15:59:24', '2019-03-03 15:59:24'),
(3, 1, 'term3', '2019-03-02 23:46:35', '2019-03-02 23:46:35', '2019-03-18 05:24:04', '2019-03-18 05:24:04'),
(4, 1, 'term4', '2019-03-02 23:46:35', '2019-03-02 23:46:35', '2019-03-18 05:24:19', '2019-03-18 05:24:19'),
(5, 1, 'term5', '2019-03-02 23:46:35', '2019-03-02 23:46:35', '2019-03-18 05:24:24', '2019-03-18 05:24:24'),
(6, 1, 'term6', '2019-03-02 23:46:35', '2019-03-02 23:46:35', '2019-03-18 05:24:32', '2019-03-18 05:24:32'),
(7, 1, 'term7', '2019-03-02 23:46:35', '2019-03-02 23:46:35', '2019-03-18 05:24:38', '2019-03-18 05:24:38'),
(8, 1, 'Panen', '2019-03-02 23:46:35', '2019-03-02 23:46:35', '2019-03-18 05:24:43', '2019-03-18 05:24:43'),
(10, 1, 'terterm', '2019-03-02 23:46:35', '2019-03-18 12:24:43', '2019-03-19 22:41:54', '2019-03-19 22:41:54'),
(11, 22, 'termjj', '2019-03-02 23:46:35', '2019-03-02 23:46:35', '2019-03-19 22:53:46', '2019-03-19 22:53:46'),
(12, 1, 'nyaw', '2019-03-02 23:46:35', '2019-03-20 13:39:57', '2019-03-20 06:39:57', '2019-03-20 06:39:57'),
(15, 1, 'penyuluhan', '24-03-2019 09:20:01', '24-03-2019 09:20:01', '2019-03-24 02:20:42', '2019-03-24 02:20:42');

-- --------------------------------------------------------

--
-- Table structure for table `users`
--

CREATE TABLE `users` (
  `id` int(10) UNSIGNED NOT NULL,
  `name` varchar(191) COLLATE utf8mb4_unicode_ci NOT NULL,
  `email` varchar(191) COLLATE utf8mb4_unicode_ci NOT NULL,
  `role` int(11) NOT NULL,
  `password` varchar(191) COLLATE utf8mb4_unicode_ci NOT NULL,
  `token_bearer` text COLLATE utf8mb4_unicode_ci,
  `created_at` timestamp NULL DEFAULT NULL,
  `updated_at` timestamp NULL DEFAULT NULL,
  `devicetoken` varchar(191) COLLATE utf8mb4_unicode_ci DEFAULT NULL,
  `no_hp` varchar(191) COLLATE utf8mb4_unicode_ci DEFAULT NULL,
  `alamat` varchar(191) COLLATE utf8mb4_unicode_ci DEFAULT NULL,
  `foto` varchar(191) COLLATE utf8mb4_unicode_ci DEFAULT NULL
) ENGINE=InnoDB DEFAULT CHARSET=utf8mb4 COLLATE=utf8mb4_unicode_ci;

--
-- Dumping data for table `users`
--

INSERT INTO `users` (`id`, `name`, `email`, `role`, `password`, `token_bearer`, `created_at`, `updated_at`, `devicetoken`, `no_hp`, `alamat`, `foto`) VALUES
(1, 'saeful anwar', 'pemiliklahan@gmail.com', 1, '$2y$10$LD4Kt48NdGkRDSsx5ZAGuunhKASWqlOpWIvG9JEV7hmro7dtIxge.', 'eyJ0eXAiOiJKV1QiLCJhbGciOiJSUzI1NiIsImp0aSI6IjRhNDRjN2I1ZDkxNGEwYzNlNWRmODYyZTkzN2Q3YWRhN2JkYzhkMGQzNjcyNjhlNDRlZGQzNDgwNTZhMDg0M2M1MjY0ZTg5Y2FhOTVkMDQwIn0.eyJhdWQiOiIxIiwianRpIjoiNGE0NGM3YjVkOTE0YTBjM2U1ZGY4NjJlOTM3ZDdhZGE3YmRjOGQwZDM2NzI2OGU0NGVkZDM0ODA1NmEwODQzYzUyNjRlODljYWE5NWQwNDAiLCJpYXQiOjE1NTM0MjU5MTYsIm5iZiI6MTU1MzQyNTkxNiwiZXhwIjoxNTg1MDQ4MzE1LCJzdWIiOiIxIiwic2NvcGVzIjpbXX0.du5PcH3Q0X2dUKT82OafkBo9yh0_Omd3Jy5jXV4bB9OcY2XgkqtSyCmR0dqQsgppjGc45kRoVxoGtrNWtsYM2OOnUTFvW5USeCp_sZm5pOA8M2yqI3vblfUBNRx6GnF_VvcAzcaMAbS8ZP14qc-I7cEcuLU9tGKACTqR9U6Gm20J2N0G7XQYPh14tlABLUe0Ddo5-GIZnQH5yBKZRibtg0LiReZR4whmRzMlupmtX6Q57biOo88TvdwmjI9GY3RfmA4nnqCQxeGZp3ORaYArQeKO6mQOWdlyHqwWr4ymK-3Kzvb9_0UcUmjXhIFronqm1HTZjubC6NWxDUjBDgXwq4389VRLstKsFYghVZPV0cq43mKYZVKDhXFCSWtTdjTI1bXjoeTfXDQT-B0p1p44wKxTCWhAOwbtb52MK4LWYp1mzn2Pb_1H8R5_Usa50Cwy1iU8_8zbkGcFb67kf-iQbC4XaZMOSRjbeRSqZbLh48YzeX6OWU8abnMuw3nKZWPpz7F4bxU3ay7-sB16t7pkYBPSgCcji6fJJ3x4IDA8me16Jk9TKMsk0bfctg3kpz6wJgMaHgZYwWZ1lQ3pMiUem0gc0cxe1tV-m62fHUvQka_S12otQbGRu8PjDsMdqh3owRfhyNEig0EuyEuFT631pSV80V2FIWeEOmEmyfT59d0', '2019-01-24 18:10:37', '2019-03-24 11:11:56', 'string', '0896789321', 'Jalan Dramaga IPB', 'http://api.inacrop.com/laravel/public/images/1553414010.'),
(2, 'Sayuri', 'farmmanager@gmail.com', 2, '$2y$10$4gZu2zN/0baEdB3cc1DNF.OGbDvoEC1RSA1g4xf.qV8QP4FQHGXiS', 'eyJ0eXAiOiJKV1QiLCJhbGciOiJSUzI1NiIsImp0aSI6IjdjMjY4YTA4ZDY2MzQyNzk1MjQwMjRiNTRkZGZkMThjZjkzYTBhYzEyODYwOWE2OGIwN2Q5Mjg4MGYwMGZlYjQ1ODQ4ZmJlMGNmYWM3OGI0In0.eyJhdWQiOiIxIiwianRpIjoiN2MyNjhhMDhkNjYzNDI3OTUyNDAyNGI1NGRkZmQxOGNmOTNhMGFjMTI4NjA5YTY4YjA3ZDkyODgwZjAwZmViNDU4NDhmYmUwY2ZhYzc4YjQiLCJpYXQiOjE1NTM0MjUwMTAsIm5iZiI6MTU1MzQyNTAxMCwiZXhwIjoxNTg1MDQ3NDEwLCJzdWIiOiIyIiwic2NvcGVzIjpbXX0.iiXTWs_jlguNSouZBZeYvMMzmyPDNT2LV1TzGlD5wKFry4UUtd0SkgWNTsSuXJd45YuJOqqekx_b14SwPU7XvkMqgTE_gvQQ0nhGG8Oq4MPHwcsvfJLCzAsdGMmbQ2l_3GFFwzylYcDZwRMbfK1c_CoE-_MpB9OU7-ve0c54NtWmMEDdefpBHhSsP_lwMX6pQYrDgKTZ-t6IsK35Jb0erzsNw3sPV0ZIdafXuhcZwgPUfQagY5xauYjGwcAY0pLDL3ty2ZIqPYmMcPibnBWacaPTa1KVi7ovOZjZ2w_q2IoKrN84XGJUvUGMPVEMI-Lb02HkNkjbt_GD0tKU3Rd6ycTHNYYyynsTuVuRKT6uUIi6Z_Y1N7QZ8BPo-JyTTeuFznWNioiVZdS7GFtTdjmZV1GZBIrwI5VP3N1Vb6Kn_fhO8y3xH1e2qUhT6q3VgyMargqp5xsl3PZSRnBetQgyFl_eouFwjPBQm_PHqca-qP7lZddoIdYZ18YTKa65wjXzCr9Bb5Wzj9LwZePsqCG7s-46Z4K1gj4Kh8blfXkPGg-wOGOK2GCS4iaIIGmTMeusbVQLAlhYIjVhEQSr27xspN2wWdmfx1EY1uerXtBS2V0Dzo_hSql5fDZt6Fzigd6bR3Ihl3KRNR9It7oW9ktWf4-9MRdg5JF0igU1dNP_JJM', '2019-01-24 18:33:31', '2019-03-24 10:56:50', 'string', '091243521', 'subaang', 'http://api.inacrop.com/laravel/public/images/1553333287.'),
(3, 'Nagahama Neru', 'ahlipraktisi@gmail.com', 3, '$2y$10$LD4Kt48NdGkRDSsx5ZAGuunhKASWqlOpWIvG9JEV7hmro7dtIxge.', '', '2019-01-27 00:22:10', '2019-03-23 09:03:50', '', '0124612464', 'balebak', 'http://api.inacrop.com/laravel/public/images/1552912341.jpg'),
(4, 'mahatir', 'ahlipraktisi2@gmail.com', 3, '$2y$10$BrZ5ega/lIfyT1r.W/oQRuXsv230vw5E8xCEcb3i9ILITr9DfrVWq', NULL, '2019-02-07 04:45:03', '2019-02-15 02:53:43', '', '', '', ''),
(8, 'Slamet Pangarep', 'ahlikopi@gmail.com', 3, '$2y$10$BrZ5ega/lIfyT1r.W/oQRuXsv230vw5E8xCEcb3i9ILITr9DfrVWq', NULL, '2019-02-22 16:27:11', '2019-02-22 16:27:11', NULL, NULL, NULL, ''),
(9, 'sasaori', 'ahlijagung@gmail.com', 3, '$2y$10$BrZ5ega/lIfyT1r.W/oQRuXsv230vw5E8xCEcb3i9ILITr9DfrVWq', NULL, '2019-02-22 16:35:57', '2019-03-19 05:35:29', 'string', NULL, NULL, NULL),
(11, 'wuik', 'wira@gmail.com', 3, '$2y$10$jEBKcjNDR0f3WPu8TQCfP.vW3aSmrEjUM2Wm0K3OLEEfGueqDYztq', NULL, '2019-02-28 18:23:53', '2019-03-19 00:01:09', '', NULL, NULL, NULL),
(12, 'Nier', 'farmmanager2@gmail.com', 2, '$2y$10$AbumpHTAWqN8qHTzZY6w.ePeGwnS/mN7nXzxyzewZWj65zrOA1wl6', NULL, '2019-02-28 20:46:30', '2019-02-28 20:46:30', NULL, NULL, NULL, NULL),
(13, 'Haruka Kanagawa', 'farmmanager3@gmail.com', 2, '$2y$10$lg74G58261H4/LNPtVXCreJSfVVDesi3NehSDiFuCU30YLJSBm4Aa', 'eyJ0eXAiOiJKV1QiLCJhbGciOiJSUzI1NiIsImp0aSI6IjI3MDRiZDU0ZDI1ZDU5YzA1ZTAyYTdkNTQ3ZTZkYzUwOTQ4ZGI5OTFjOThkMzYzZGY3ZGFiNjQ0MzQ1YTU0ZTQ2NGY1MWU5Y2YyMDA5NGNlIn0.eyJhdWQiOiIxIiwianRpIjoiMjcwNGJkNTRkMjVkNTljMDVlMDJhN2Q1NDdlNmRjNTA5NDhkYjk5MWM5OGQzNjNkZjdkYWI2NDQzNDVhNTRlNDY0ZjUxZTljZjIwMDk0Y2UiLCJpYXQiOjE1NTMwNzE1NDMsIm5iZiI6MTU1MzA3MTU0MywiZXhwIjoxNTg0NjkzOTQzLCJzdWIiOiIxMyIsInNjb3BlcyI6W119.jSpaHGbWY5xCpIjAHiWnpG1ED1xoly0Fd5zfdhHRZctgAdhxtNiA8DuMT-KUyqR71pyuAkVwSqc7UlVjgi3YyWcPw9fRLx7xZ1T1bAvBgGZy2Hfm6CoWbOK5GL3XJ5ND2s_yJBnAOeV6UdSxxak6hF_ptLqvA0d_kNtPJx0OgY3msDtTloIGIgtcJ_EgEoIPZQtTSs9nTmn2b5YlO-Z3r28IFjmoh3xQi7Bff6QpPGLx5cEsq5VfaQgOV2Q9ohdLuiEAX_PbDgIlo1SInBpCp6Ir2KDw5fzE40A_OWJ8IHoKAwEjyqA-ObMdPaMwQhr4Yr9p3KWDadacYhwvXMQRk6lsAF70MN_DTT-WvOYi7pWvl4DnpE3CkQ_aEHTbE-spoY7Oxj6mF_UR8-q9vQeEct3itK_DVpBh8I-_htQwhPNyv8br94ik1tNO9Sz_5UYSaSQ--qTZ3ygPBv-HBdpQG-uzUpxxsAC0OXVCDKlkzKKSrETSsEazXniv-EEYVFpSWCBy9hj-Hxie_hze_5xF-02IZPt3qugkrmAw7b3Ls8MA0VEavg1ody2iwLViPF_U-vUzdwC880NebBz9u4AVsWm-jcTD0MQT9RN_RCk8t80VV5TNObIXHKfMGyxE36G8Z51MFrAojpoe6mUgsJqblnjBVJXXG7DzWHvWc_zjK_c', '2019-02-28 20:49:25', '2019-03-20 01:45:43', '', NULL, NULL, NULL),
(14, 'Oda Nana', 'sayaya@gmail.com', 1, '$2y$10$7yUGJ2.YSTTV3zBrBUmS0uFxOSoeB2ySlYE8/1Vv/aJSxZn7FEiFm', NULL, '2019-02-28 23:00:17', '2019-03-17 22:31:45', '', NULL, NULL, NULL),
(15, 'rena', 'yuvi@gmail.com', 2, '$2y$10$METowo52aai0xUrLPjc/ZOgLMv9n.wJmzzy6DSaczC2MV4VNCHdpy', 'eyJ0eXAiOiJKV1QiLCJhbGciOiJSUzI1NiIsImp0aSI6IjU2MTQ4ZWQyNTlhNWI3OTdkZmEyZTEzNTk1YTU5MmZjZjZjOTFjN2M4Nzk1OWYzNmE1NTBjOWFkOTk5NTIxY2FmNzcwYWM0NTc3NDE2ODUyIn0.eyJhdWQiOiIxIiwianRpIjoiNTYxNDhlZDI1OWE1Yjc5N2RmYTJlMTM1OTVhNTkyZmNmNmM5MWM3Yzg3OTU5ZjM2YTU1MGM5YWQ5OTk1MjFjYWY3NzBhYzQ1Nzc0MTY4NTIiLCJpYXQiOjE1NTMyNDk5MjUsIm5iZiI6MTU1MzI0OTkyNSwiZXhwIjoxNTg0ODcyMzI1LCJzdWIiOiIxNSIsInNjb3BlcyI6W119.Y--n5ArdXjDBrFIAuWQ1PXmcSe1qzgErqEVcihrDOxmwPu17SybsIKGL0G8GbyEdUMY7cdFDz2TXJg4oOGjHd0QjmhKT2YpovPXTNTr5G9Gr24Qzs63mnwgd0GtUU3FJF0MHsggpbrYS-edh56yBE9NHeu7RmZB7tat3MeCaHCv8opI-qlm2pAnB26DFZprInZWb1Cx6ir0B6GkNG3eddeiPx74f8uA9Tz3R70BW0F69um3n0LJ9P1TL9t8dsvz8JpSa30gdzG0lXGk1-ST2FZUg4wVQ2oNtS1M80YvKdIwlAtJCcmxBAzpKVd_3ZFWDVeqcF6GbULEb6cU_tCkHLVmeULLXwOnZqKMGbP3-4gAzUefBAvMCyMCk3q7Dfo7lgR3-zNeAxO5OyKEeeVtQjjYDwiSW-YS2HK-gUZmzj5JPuQKRiM8gDERPlHV-PKm_ug1EfRz83OHmZ_sFdeKuojoarCYaPNfyj302vRqOjMDN41tp62XZ4vyoKHWR_jK0Q6W1hXr03PlpAFvTxD6zj8AosguXS0nUpzO5PvdosR94eMv5rOuHURZJlvWBT_KqE-hGYnSYf5ccGhBNUUB1ETcft6tscOqLsEp_JOSs19vilnnE3HWGcYECdSQ_7p94xf1XtMUqmJF7KoNSkOffrIlRIVU1u26I_9x3cGfDJJw', '2019-03-05 15:52:37', '2019-03-22 03:18:45', 'string', '08787788777', 'jalan batupalang', 'http://api.inacrop.com/laravel/public/images/1552912541.jpg'),
(16, 'Achmad Ismail Rivaldi', 'valldyarco@gmail.com', 2, '$2y$10$PDhNUHf8Y7mhvtHtFzgbxueachARaB99C7Rc0xpQIqHk5UN1eLUeO', NULL, '2019-03-18 04:51:55', '2019-03-18 04:52:05', 'epoN5xAi0NU:APA91bF-SmrgaxY1ceMxyh_KeK6GtPqoNweJDkoJHGLcofkq290ShT7ok7qk14hGfzIcTtaCdK6IhSgtlPbFDNE_pMA1n8ALcDcHaI1MUCGzxOxv3o43h7QderzD32bQjo2xTg35_4SA', NULL, NULL, NULL),
(17, 'Watanabe Rika', 'rika@gmail.com', 2, '$2y$10$16Bjof/TiBFHIO7zotjku.L7u.irLDlCkBu5.XXtIZjT/XsI3m3D6', NULL, '2019-03-18 05:25:41', '2019-03-18 05:36:20', NULL, NULL, NULL, 'http://api.inacrop.com/laravel/public/images/1552912580.jpg'),
(18, 'Mibu Sayaka', 'mibu@gmail.com', 2, '$2y$10$KJccb/rsFfyWmbVeleyLXuX5OYW5Cd4zWSeK.VFPTyvHNi1X..6xi', 'eyJ0eXAiOiJKV1QiLCJhbGciOiJSUzI1NiIsImp0aSI6ImVjMjNhY2JhNTZlMTM3NTAyZDJmNjc3Yzg3NjY5MTI5NjY0NGYzMGNiNTg1YzAxZTQwNDg4YzRlOWRkZWJlZTUwYzJlYzkwYjczYWZiNGVlIn0.eyJhdWQiOiIxIiwianRpIjoiZWMyM2FjYmE1NmUxMzc1MDJkMmY2NzdjODc2NjkxMjk2NjQ0ZjMwY2I1ODVjMDFlNDA0ODhjNGU5ZGRlYmVlNTBjMmVjOTBiNzNhZmI0ZWUiLCJpYXQiOjE1NTMzMTc0NTIsIm5iZiI6MTU1MzMxNzQ1MiwiZXhwIjoxNTg0OTM5ODUyLCJzdWIiOiIxOCIsInNjb3BlcyI6W119.zwMcE9yGc0oZFiFmgykih_jDqJtgzXfYad8Zja8MjQo0xq64fTVYcjnu5OpiXCyv9k-Cl2CLKHy_iiw2_FCO7AH2Odd-dvNc2QPR2cnxe7q-1qVJZNDve33raFqtzYZ21fZDQK2F9feBxjNMjozXvj86-04Sli-qYoMP5E9UPeB108a6wYrhGasWpdCl34PQiKL2kSFLH5mTw_18z-1qw5P0FsQz7yleajMaj_o1EC9iD3My-s7Cj8gY61Bnok2HXWoCppZWGfpGVYO1AyRvJq9Yaf-yB-tafTlkQMnMvYXUsCgh7h9GAvhr-mJY2DcPck6tELVJaUpJyda_BAEubgRgzH83C36joIvse-kJzZ_OtJGavW2Ypz-8uhagy2R6DlvTl8rPwaspj1M7bnGj4YD7luCtaXto1RkHU0gFGtmyR4Sw4dnttqSo9uAAdDDxetPp5rEzZEj4qFjTSwK1C62wS3fi81PGxHN5ykM3zFHgRuYSB6At0qJFsu1wqZS1QGzqqbpT4AFtQB64ux4RtrM4Ta_3Q13BZz7zu99FWQd4QbpTsD7Bh0dd-6A6t7Dckzzu6KkV7mhOQweXBstQPZ4RmnY1QtbKykDgwvCFM1FgFdHBHgLYHT-AzRja71cA5qKKByVxLBKVLMe12Z_cLlrF-HMQKVcK63vPveKPkWc', '2019-03-18 05:26:05', '2019-03-22 22:04:12', 'string', NULL, 'jalanan batubara', 'http://api.inacrop.com/laravel/public/images/1553034022.jpg'),
(19, 'Ishimori Suzu', 'suzu@gmail.com', 1, '$2y$10$jV1ASdU5bwsyQKtdDUDrreiL5REoGQR3Pa118BNge/Xa0GpaLm/Iq', NULL, '2019-03-18 05:27:05', '2019-03-18 05:36:56', NULL, NULL, NULL, 'http://api.inacrop.com/laravel/public/images/1552912616.jpg'),
(22, 'adi', 'adi@gmail.com', 1, '$2y$10$rw1o7Dr7Ru0xu7odZm4GSO3llViabSRthieoG8BNe/dp.vBzZ.jNa', '', '2019-03-19 22:51:31', '2019-03-24 04:22:34', '', '098766', 'ffff', NULL),
(23, 'reyhanjav', 'reyhanjav@gmail.com', 2, '$2y$10$JscoYHeamo.JuaWqW0mcHuJx7fkGxuNv.s639O4tMCDm4yZvVIDaS', '', '2019-03-21 00:22:10', '2019-03-22 03:21:44', '', '08127634', 'hey', 'http://api.inacrop.com/laravel/public/images/1553160546.'),
(24, 'reza muliawan', 'rezamuliawan18@ymail.com', 3, '$2y$10$/jggh09zVEBqGrJi9g07.uFB1eLF87W0a5fO1ZUGeEiW2FEFH9KPe', '', '2019-03-23 03:50:31', '2019-03-23 03:52:00', '', NULL, NULL, NULL),
(25, 'reza', 'rezamuliawan@ymail.com', 1, '$2y$10$zSWvo5kra14nUMLzDxGqCuXT9Gu0dmTeV8oN/bEpEUfVwHDOAPA6i', '', '2019-03-23 03:55:51', '2019-03-23 04:00:35', '', '0888888', 'ipb', NULL),
(26, 'reza', 'reza@gmail.com', 2, '$2y$10$zWFJf8Jmhz2yya24axDJD.F70fmfV3FIbgiMrOGK8xAebTB7OS9oy', '', '2019-03-23 04:15:41', '2019-03-23 04:18:01', '', NULL, NULL, 'http://api.inacrop.com/laravel/public/images/1553339863.'),
(28, 'ahli', 'ahli@gmail.com', 1, '$2y$10$V6ijNzQrTFFvsoa7nnQyjuccY2fgurhJMLyFh3ouuIUqAqpzHnb0q', '', '2019-03-23 09:04:38', '2019-03-23 09:06:03', '', '0987654321', NULL, NULL),
(29, 'oyon', 'Oyon@gmail.com', 1, '$2y$10$UGhpZQzNrjowF0BBsQRCXuOzjoKmhwqbn6tFqh0E8HxauIkg/6LX.', '', '2019-03-23 18:17:31', '2019-03-23 18:19:30', '', NULL, NULL, NULL);

-- --------------------------------------------------------

--
-- Table structure for table `varietas`
--

CREATE TABLE `varietas` (
  `id` int(10) UNSIGNED NOT NULL,
  `name` varchar(225) COLLATE utf8mb4_unicode_ci NOT NULL,
  `created_at` timestamp NULL DEFAULT NULL,
  `updated_at` timestamp NULL DEFAULT NULL
) ENGINE=InnoDB DEFAULT CHARSET=utf8mb4 COLLATE=utf8mb4_unicode_ci;

--
-- Dumping data for table `varietas`
--

INSERT INTO `varietas` (`id`, `name`, `created_at`, `updated_at`) VALUES
(1, 'oryza satyva', NULL, NULL),
(2, 'laksuma zenus', NULL, NULL);

--
-- Indexes for dumped tables
--

--
-- Indexes for table `assignfarms`
--
ALTER TABLE `assignfarms`
  ADD PRIMARY KEY (`id`);

--
-- Indexes for table `farms`
--
ALTER TABLE `farms`
  ADD PRIMARY KEY (`id`);

--
-- Indexes for table `groupfarms`
--
ALTER TABLE `groupfarms`
  ADD PRIMARY KEY (`id`);

--
-- Indexes for table `komoditas`
--
ALTER TABLE `komoditas`
  ADD PRIMARY KEY (`id`);

--
-- Indexes for table `laporans`
--
ALTER TABLE `laporans`
  ADD PRIMARY KEY (`id`);

--
-- Indexes for table `messages`
--
ALTER TABLE `messages`
  ADD PRIMARY KEY (`id`);

--
-- Indexes for table `migrations`
--
ALTER TABLE `migrations`
  ADD PRIMARY KEY (`id`);

--
-- Indexes for table `oauth_access_tokens`
--
ALTER TABLE `oauth_access_tokens`
  ADD PRIMARY KEY (`id`),
  ADD KEY `oauth_access_tokens_user_id_index` (`user_id`);

--
-- Indexes for table `oauth_auth_codes`
--
ALTER TABLE `oauth_auth_codes`
  ADD PRIMARY KEY (`id`);

--
-- Indexes for table `oauth_clients`
--
ALTER TABLE `oauth_clients`
  ADD PRIMARY KEY (`id`),
  ADD KEY `oauth_clients_user_id_index` (`user_id`);

--
-- Indexes for table `oauth_personal_access_clients`
--
ALTER TABLE `oauth_personal_access_clients`
  ADD PRIMARY KEY (`id`),
  ADD KEY `oauth_personal_access_clients_client_id_index` (`client_id`);

--
-- Indexes for table `oauth_refresh_tokens`
--
ALTER TABLE `oauth_refresh_tokens`
  ADD PRIMARY KEY (`id`),
  ADD KEY `oauth_refresh_tokens_access_token_id_index` (`access_token_id`);

--
-- Indexes for table `password_resets`
--
ALTER TABLE `password_resets`
  ADD KEY `password_resets_email_index` (`email`);

--
-- Indexes for table `statustasks`
--
ALTER TABLE `statustasks`
  ADD PRIMARY KEY (`id`);

--
-- Indexes for table `task2s`
--
ALTER TABLE `task2s`
  ADD PRIMARY KEY (`id`);

--
-- Indexes for table `tasks`
--
ALTER TABLE `tasks`
  ADD PRIMARY KEY (`id`);

--
-- Indexes for table `terms`
--
ALTER TABLE `terms`
  ADD PRIMARY KEY (`id`);

--
-- Indexes for table `users`
--
ALTER TABLE `users`
  ADD PRIMARY KEY (`id`),
  ADD UNIQUE KEY `users_email_unique` (`email`);

--
-- Indexes for table `varietas`
--
ALTER TABLE `varietas`
  ADD PRIMARY KEY (`id`);

--
-- AUTO_INCREMENT for dumped tables
--

--
-- AUTO_INCREMENT for table `assignfarms`
--
ALTER TABLE `assignfarms`
  MODIFY `id` int(10) UNSIGNED NOT NULL AUTO_INCREMENT, AUTO_INCREMENT=19;

--
-- AUTO_INCREMENT for table `farms`
--
ALTER TABLE `farms`
  MODIFY `id` int(10) UNSIGNED NOT NULL AUTO_INCREMENT, AUTO_INCREMENT=11;

--
-- AUTO_INCREMENT for table `groupfarms`
--
ALTER TABLE `groupfarms`
  MODIFY `id` int(10) UNSIGNED NOT NULL AUTO_INCREMENT, AUTO_INCREMENT=10;

--
-- AUTO_INCREMENT for table `komoditas`
--
ALTER TABLE `komoditas`
  MODIFY `id` int(10) UNSIGNED NOT NULL AUTO_INCREMENT, AUTO_INCREMENT=11;

--
-- AUTO_INCREMENT for table `laporans`
--
ALTER TABLE `laporans`
  MODIFY `id` int(10) UNSIGNED NOT NULL AUTO_INCREMENT, AUTO_INCREMENT=37;

--
-- AUTO_INCREMENT for table `messages`
--
ALTER TABLE `messages`
  MODIFY `id` int(10) UNSIGNED NOT NULL AUTO_INCREMENT, AUTO_INCREMENT=6;

--
-- AUTO_INCREMENT for table `migrations`
--
ALTER TABLE `migrations`
  MODIFY `id` int(10) UNSIGNED NOT NULL AUTO_INCREMENT, AUTO_INCREMENT=28;

--
-- AUTO_INCREMENT for table `oauth_clients`
--
ALTER TABLE `oauth_clients`
  MODIFY `id` int(10) UNSIGNED NOT NULL AUTO_INCREMENT, AUTO_INCREMENT=3;

--
-- AUTO_INCREMENT for table `oauth_personal_access_clients`
--
ALTER TABLE `oauth_personal_access_clients`
  MODIFY `id` int(10) UNSIGNED NOT NULL AUTO_INCREMENT, AUTO_INCREMENT=2;

--
-- AUTO_INCREMENT for table `statustasks`
--
ALTER TABLE `statustasks`
  MODIFY `id` int(10) UNSIGNED NOT NULL AUTO_INCREMENT, AUTO_INCREMENT=45;

--
-- AUTO_INCREMENT for table `task2s`
--
ALTER TABLE `task2s`
  MODIFY `id` int(10) UNSIGNED NOT NULL AUTO_INCREMENT, AUTO_INCREMENT=4;

--
-- AUTO_INCREMENT for table `tasks`
--
ALTER TABLE `tasks`
  MODIFY `id` int(10) UNSIGNED NOT NULL AUTO_INCREMENT, AUTO_INCREMENT=21;

--
-- AUTO_INCREMENT for table `terms`
--
ALTER TABLE `terms`
  MODIFY `id` int(10) UNSIGNED NOT NULL AUTO_INCREMENT, AUTO_INCREMENT=16;

--
-- AUTO_INCREMENT for table `users`
--
ALTER TABLE `users`
  MODIFY `id` int(10) UNSIGNED NOT NULL AUTO_INCREMENT, AUTO_INCREMENT=30;

--
-- AUTO_INCREMENT for table `varietas`
--
ALTER TABLE `varietas`
  MODIFY `id` int(10) UNSIGNED NOT NULL AUTO_INCREMENT, AUTO_INCREMENT=3;
COMMIT;

/*!40101 SET CHARACTER_SET_CLIENT=@OLD_CHARACTER_SET_CLIENT */;
/*!40101 SET CHARACTER_SET_RESULTS=@OLD_CHARACTER_SET_RESULTS */;
/*!40101 SET COLLATION_CONNECTION=@OLD_COLLATION_CONNECTION */;
